id,category,index,freq,question,answer,explanation,reference
1,accounts,1,1,広く会計といえば、「情報を提供されたものが適切な判断と意思決定ができるように、経済主体の経済活動を記録･測定して伝達する手続」とされている。,1,広く会計といえば、「情報を提供されたものが適切な判断と意思決定ができるように、経済主体の経済活動を記録･測定して伝達する手続」とされている。,第1章 1
2,accounts,2,2,財務会計とは、意思決定を行い、または経営活動の成果を分析・評価するのに有用な会計情報を経営者その他の管理者に提供するための会計であるのに対して、管理会計とは、企業の経済情報を外部の第三者に正確に報告することを目的とする会計である。,0,管理会計とは、意思決定を行い、または経営活動の成果を分析・評価するのに有用な会計情報を経営者その他の管理者に提供するための会計であるのに対して、財務会計とは、企業の経済情報を外部の第三者に正確に報告することを目的とする会計である。,第1章 1
3,accounts,3,1,財務会計が未来の予測効果を重要視している点に特色があるのに対して、管理会計は現在または過去の企業の情報提供を主目的としている。,0,管理会計が未来の予測効果を重要視している点に特色があるのに対して、財務会計は現在または過去の企業の情報提供を主目的としている。,第1章 1
4,accounts,4,1,企業会計の柱となる三つの基礎的前提を会計公準という。会計公準には、企業実体の公準、継続企業の公準、時間的評価の公準がある。,0,企業会計の柱となる三つの基礎的前提を会計公準という。会計公準には、企業実体の公準、継続企業の公準、貨幣的評価の公準がある。,第1章 2
5,accounts,5,0,企業実体の公準から、企業範囲の測定期間を1年や半年といった人為的に区切った会計期間を定めている。今日の企業会計は、この会計期間ごとに財政状態および経営成績を公表している。,0,継続企業の公準から、企業範囲の測定期間を1年や半年といった人為的に区切った会計期間を定めている。今日の企業会計は、この会計期間ごとに財政状態および経営成績を公表している。,第1章 2
6,accounts,6,0,継続企業の公準により、企業を、その所有者の手から分離された一つの実体としてとらえることができ、その前提に立つことで､例えば、資産は企業それ自体の財産であり、所有者の財産と分離することができる。,0,企業実体の公準により、企業を、その所有者の手から分離された一つの実体としてとらえることができ、その前提に立つことで､例えば、資産は企業それ自体の財産であり、所有者の財産と分離することができる。,第1章 2
7,accounts,7,2,簿記は、企業が行う経済活動(商品の仕入・販売、物品の購入、経費の支払など)を貨幣額で計算し、測定し、記録してその結果を内部関係者へ報告するためのものである。,0,簿記は、企業が行う経済活動(商品の仕入・販売、物品の購入、経費の支払など)を貨幣額で計算し、測定し、記録してその結果を株主、債権者などの外部利害関係者へ報告するためのものである。,第2章 1 (1)
8,accounts,8,0,企業の経済活動を記帳・計算するのが簿記であるが、経済活動のすべてを記帳・計算するわけではない。その取引が、資産・負債または純資産(資本)を増減させる場合、会計上の取引として記帳・計算をする。,1,企業の経済活動を記帳・計算するのが簿記であるが、経済活動のすべてを記帳・計算するわけではない。その取引が、資産・負債または純資産(資本)を増減させる場合、会計上の取引として記帳・計算をする。,第2章 1 (3)
9,accounts,9,2,企業の経済活動のすべてを記帳・計算するのが簿記である。たとえば、電力会社と電力供給の契約を締結した場合、契約締結の時点でそれぞれに「電力を供給する義務」と「電力の供給を受ける権利」が発生することから、この時点で会計上の取引と認識し、記帳・計算を行う。,0,企業の経済活動のすべてを記帳・計算するのが簿記である。たとえば、電力会社と電力供給の契約を締結した場合、契約締結の時点でそれぞれに「電力を供給する義務」と「電力の供給を受ける権利」が発生するが、この時点で会計上の取引とはならない。,第2章 1 (3)
10,accounts,10,3,通常発生する取引の8要素の組合せについて（借方）資産の減少　(貸方）負債の増加,0,通常発生する取引の8要素の組合せについて（借方）資産の増加（貸方）負債の増加,第2章 1 (4)
11,accounts,11,2,通常発生する取引の8要素の組合せについて（借方）費用の発生　(貸方）収益の発生,0,通常発生する取引の8要素の組合せについて（借方）費用の発生（貸方）資産の減少 または 負債の増加,第2章 1 (4)
12,accounts,12,1,企業の経済活動が､会計上の取引となった場合､記帳すべき勘定科目、貸方・借方、金額を決めることを「転記」という。,0,企業の経済活動が､会計上の取引となった場合､記帳すべき勘定科目、貸方・借方、金額を決めることを「仕訳」という。,第2章 1 (4)
13,accounts,13,2,会計上の取引では、ある勘定の借方に記帳されると必ずほかの勘定の貸方に記帳され、金額も必ず等しく記帳される。このことにより、すべての勘定の借方の合計額と貸方の合計額は、必ず等しくなる関係を、「貸借平均の原理」という。,1,会計上の取引では、ある勘定の借方に記帳されると必ずほかの勘定の貸方に記帳され、金額も必ず等しく記帳される。このことにより、すべての勘定の借方の合計額と貸方の合計額は、必ず等しくなる関係を、「貸借平均の原理」という。,第2章 1 (4)
14,accounts,14,2,"商品をA社に販売し、代金5,000円は、掛とした。この取引の仕訳は以下のとおり。（借方）売掛金　5,000 （貸方）売上　5,000",1,"商品をA社に販売し、代金5,000円は、掛とした。この取引の仕訳は以下のとおり。（借方）売掛金　5,000 （貸方）売上　5,000",第2章 1 (4)
15,accounts,15,2,取引の要素の増減・発生を記帳・計算する単位のことを「勘定」という。この勘定につけられた名称を勘定科目といい、この勘定科目別の記帳・計算を行うための帳簿を精算表という。,0,取引の要素の増減・発生を記帳・計算する単位のことを「勘定」という。この勘定につけられた名称を勘定科目といい、この勘定科目別の記帳・計算を行うための帳簿を総勘定元帳という。,第2章 1 (5)
16,accounts,16,0,資産勘定のうち繰延資産には、創立費、開業費、開発費等がある。,1,資産勘定のうち繰延資産には、創立費、開業費、開発費等がある。,第2章 1 (5)
17,accounts,17,0,負債勘定のうち固定負債には、社債、長期借入金等がある。,1,負債勘定のうち固定負債には、社債、長期借入金等がある。,第2章 1 (5)
18,accounts,18,2,取引が、仕訳されたあと、取引の要素ごとに計算するため、総勘定元帳の該当の勘定科目に金額を記帳することを、「元帳の締切」という。,0,取引が、仕訳されたあと、取引の要素ごとに計算するため、総勘定元帳の該当の勘定科目に金額を記帳することを、「転記」という。,第2章 1 (5)
19,accounts,19,2,帳簿には、主要簿と補助簿があり、このうち補助簿には補助記入帳と補助元帳がある。補助元帳には売上帳、商品有高帳、固定資産台帳などがある。,0,帳簿には、主要簿と補助簿があり、このうち補助簿には補助記入帳と補助元帳がある。補助元帳には売掛金元帳、商品有高帳、固定資産台帳などがある。,第2章 2
20,accounts,20,2,試算表は、総勘定元帳の各勘定の残高または合計額を集計して作成する。その主な目的は、仕訳帳から総勘定元帳への転記が正しいか検証することにある。,1,試算表は、総勘定元帳の各勘定の残高または合計額を集計して作成する。その主な目的は、仕訳帳から総勘定元帳への転記が正しいか検証することにある。,第2章 3 (2)
21,accounts,21,1,試算表は、その機能により合計試算表、残高試算表、合計残高試算表の3つに区分される。,1,試算表は、その機能により合計試算表、残高試算表、合計残高試算表の3つに区分される。,第2章 3 (2)
22,accounts,22,1,合計試算表は、総勘定元帳の各勘定科目の借方合計と貸方合計を集計して作成する。これは、総勘定元帳の借方・貸方の一致を検証するとともに、経営成績と財政状態の概要を表わすことになる。,0,合計試算表は、総勘定元帳の各勘定科目の借方合計と貸方合計を集計して作成する。これは、総勘定元帳の借方・貸方の一致を検証するとともに、一定期間の会計取引の合計を表わすことになる。,第2章 3 (2)
23,accounts,23,0,総勘定元帳の残高が、その会計期末の資産・負債・純資産の在高を、またその会計期間の収益・費用の発生額を正しく表わしているとはかぎらないため、決算にあたって、期末在高、期中発生額を正しく計算する必要がある。この修正・整理する手続を決算整理という。,1,総勘定元帳の残高が、その会計期末の資産・負債・純資産の在高を、またその会計期間の収益・費用の発生額を正しく表わしているとはかぎらないため、決算にあたって、期末在高、期中発生額を正しく計算する必要がある。この修正・整理する手続を決算整理という。,第2章 3 (4)
24,accounts,24,2,財務諸表のうち、貸借対照表は、企業の一会計期間の経営成績を明らかにするため、すべての収益とこれに対応するすべての費用とを記載し、株主、債権者などの外部利害関係者に報告するものである。,0,財務諸表のうち、損益計算書は、企業の一会計期間の経営成績を明らかにするため、すべての収益とこれに対応するすべての費用とを記載し、株主、債権者などの外部利害関係者に報告するものである。,第2章 4 (1)
25,accounts,25,2,株主資本等変動計算書は、資本金と繰越利益剰余金の当期末残高がそれぞれ貸借対照表と一致する。,1,株主資本等変動計算書は、資本金と繰越利益剰余金の当期末残高がそれぞれ貸借対照表と一致する。,第2章 4 (3)
26,accounts,26,2,「企業会計原則」の構成は、一般原則、損益計算書原則および貸借対照表原則の三つの柱からなる。一般原則は、主に会計情報の報告に主点をおく、いわゆる「報告原則」としての色彩が強いが、損益計算書原則および貸借対照表原則は、報告のみならず、その基礎となる記録、測定といった「処理原則」の性格を併せ持っている。,0,「企業会計原則」の構成は、一般原則、損益計算書原則および貸借対照表原則の三つの柱からなる。損益計算書原則および貸借対照表原則は、主に会計情報の報告に主点をおく、いわゆる「報告原則」としての色彩が強いが、一般原則は報告のみならず､その基礎となる記録、測定といった「処理原則」の性格を併せ持っている。,第3章 1 リード
27,accounts,27,2,真実性の原則……「企業会計は、企業の財政状態及び経営成績に関して、真実な報告を提供するものでなければならない｡」,1,真実性の原則……「企業会計は、企業の財政状態及び経営成績に関して、真実な報告を提供するものでなければならない｡」,第3章 1 (1)
28,accounts,28,0,保守主義の原則……「企業会計は、その処理の原則及び手続きを毎期継続して適用し、みだりにこれを変更してはならない｡」,0,継続性の原則……「企業会計は、その処理の原則及び手続きを毎期継続して適用し、みだりにこれを変更してはならない｡」,第3章 1 (5)
29,accounts,29,0,継続性の原則……「企業の財政に不利な影響を及ぼす可能性がある場合には、これに備えて適当に健全な会計処理をしなければならない｡」,0,保守主義の原則……「企業の財政に不利な影響を及ぼす可能性がある場合には、これに備えて適当に健全な会計処理をしなければならない｡」,第3章 1 (6)
30,accounts,30,1,単一性の原則……「株主総会提出のため、信用目的のため、租税目的のため等種々の目的のために異なる形式の財務諸表を作成する必要がある場合、それらの内容は、信頼しうる会計記録に基づいて作成されたものであって、政策の考慮のために事実の真実な表示をゆがめてはならない｡」,1,単一性の原則……「株主総会提出のため、信用目的のため、租税目的のため等種々の目的のために異なる形式の財務諸表を作成する必要がある場合、それらの内容は、信頼しうる会計記録に基づいて作成されたものであって、政策の考慮のために事実の真実な表示をゆがめてはならない｡」,第3章 1 (7)
31,accounts,31,2,株主配当については、旧商法では企業が株主へ配当を行うのは年2回までに制限されていたが、会社法では、株主総会の決議があれば年4回配当を出すことが可能となった。,0,株主配当については、旧商法では企業が株主へ配当を行うのは年2回までに制限されていたが、会社法では、株主総会の決議があればいつでも配当を出すことが可能となった。,第3章 2 (1)
32,accounts,32,2,金融商品取引法において、有価証券の流通市場における開示書類とされているのは「有価証券報告書」「半期報告書」「臨時報告書」等であり、「四半期報告書」は上場会社等が自主的に開示しているもので、金融商品取引法で開示が求められているものではない。,0,金融商品取引法において、有価証券の流通市場における開示書類とされているのは「有価証券報告書」「半期報告書」「四半期報告書」「臨時報告書」等である。,第3章 2 (2)
33,accounts,33,3,法人税法は､法人の所得に対する課税上の措置に関する定めであり、その目的は課税の公平性を保つために課税所得を正確に導くことにある。したがって、税務会計には、会計情報の開示という機能がその中に含まれており、会社法･金融商品取引法に基づく会計と同じである。,0,法人税法は､法人の所得に対する課税上の措置に関する定めであり、その目的は課税の公平性を保つために課税所得を正確に導くことにある。したがって、税務会計には、会計情報の開示という機能は含まれていないという点で、会社法・金融商品取引法に基づく会計とは異なっている。,第3章 2 (3)
34,accounts,34,2,法人税の課税所得の計算においては「企業会計原則」を中心とした会計慣行が重要な役割を持つこととなり、逆に税法基準の処理が企業会計上の処理に影響する事例も多い。,1,法人税の課税所得の計算においては「企業会計原則」を中心とした会計慣行が重要な役割を持つこととなり、逆に税法基準の処理が企業会計上の処理に影響する事例も多い。,第3章 2 (3)
35,accounts,35,3,消費税は、財・サービスの消費に対し課税されるものであり、計算過程においては、会計帳簿上の数値を計算根拠としていないが、会計数値の開示および利益計算をその目的としているため、制度会計の領域にかかわるものである。,0,消費税は、財・サービスの消費に対し課税されるものであり、計算過程においては、会計帳簿上の数値を計算根拠としているが、会計数値の開示および利益計算をその目的としていないため、制度会計の領域にかかわりをもたないものである。,第3章 2 (3)
36,accounts,36,2,消費税は、売上による預り消費税(仮受消費税)からこれに対応する仕入に係る支払消費税(仮払消費税)を控除した金額を未払金として資産に、課税されない売上に対応する自らが負担者となるべき消費税については税金として費用に計上されることとなる。,0,消費税は、売上による預り消費税(仮受消費税)からこれに対応する仕入に係る支払消費税(仮払消費税)を控除した金額を未払金として負債に、課税されない売上に対応する自らが負担者となるべき消費税については税金として費用に計上されることとなる。,第3章 2 (3)
37,accounts,37,1,生命保険会社の事業年度は、保険業法第109条において、4月1日から翌年3月31日までとされている。決算の目的は、各事業年度における経営成績の確定と、事業年度末における金利動向を把握することにある。,0,生命保険会社の事業年度は、保険業法第109条において、4月1日から翌年3月31日までとされている。決算の目的は、各事業年度における経営成績の確定と、事業年度末における財政状態を把握することにある。,第4章 4 リード
38,accounts,38,2,年度中は、保険料積立金の払戻しがあっても、満期保険金・解約返戻金・その他返戻金等それぞれの費用勘定で会計処理を行う。保険事故発生等による当年度費用の額の調整は決算期末において、前年度積立額を一旦戻し入れて収益に計上するとともに、当年度決算期に改めて計算された額を責任準備金として積立てを行い、満期保険金等の費用勘定そのものの修正は行わない。,1,年度中は、保険料積立金の払戻しがあっても、満期保険金・解約返戻金・その他返戻金等それぞれの費用勘定で会計処理を行う。保険事故発生等による当年度費用の額の調整は決算期末において、前年度積立額を一旦戻し入れて収益に計上するとともに、当年度決算期に改めて計算された額を責任準備金として積立てを行い、満期保険金等の費用勘定そのものの修正は行わない。,第4章 1 (2)
39,accounts,39,2,年度中では、収入のあった保険料は、翌年度以降の保険料に相当する部分についても、すべて保険料勘定に計上する。その未経過部分については、決算期末において、前年度積立額を一旦戻し入れて収益に計上するとともに、当年度決算期末の未経過期間に対応する額を、責任準備金として積立てを行い、保険料勘定の修正を行う。,0,年度中では、収入のあった保険料は、翌年度以降の保険料に相当する部分についても、すべて保険料勘定に計上する。その未経過部分については、決算期末において、前年度積立額を一旦戻し入れて収益に計上するとともに、当年度決算期末の未経過期間に対応する額を、責任準備金として積立てを行い、保険料勘定そのものの修正は行わない。,第4章 1 (2)
40,accounts,40,2,危険準備金は､保険契約に基づく将来の債務を確実に履行するため、将来発生が見込まれる危険に備える準備金であり、法人税法上、全額損金算入が認められている。,0,危険準備金は､保険契約に基づく将来の債務を確実に履行するため、将来発生が見込まれる危険に備える準備金であり、法人税法上、損金とはならない。,第4章 1 (2)
41,accounts,41,2,生命保険会計では、保険金等支払金の計上について、当期において支払事由が発生し未支払となっているもの、また、前年度において支払事由が発生し未支払の処理を行ったものについては、保険金等の各費用勘定で期間修正を行っている。,0,生命保険会計では、保険金等支払金の計上について、当期において支払事由が発生し未支払となっているもの、また、前年度において支払事由が発生し未支払の処理を行ったものについては、保険金等の各費用勘定で期間修正を行っていない。,第4章 2 (2)
42,accounts,42,0,特別勘定独特の勘定科目としては、特別勘定と一般勘定の間で行われる勘定間取引を表わすのに使用する勘定科目があり、資産勘定、負債勘定の2勘定からなる。,0,特別勘定独特の勘定科目としては、特別勘定と一般勘定の間で行われる勘定間取引を表わすのに使用する勘定科目があり、資産勘定、負債勘定、費用勘定、収益勘定の4勘定からなる。,第4章 3 (1)
43,accounts,43,1,変額保険の保険料が顧客から入金されると、一旦その全額が一般勘定において保険料勘定で認識される。次に、特別勘定で運用される生存保険料部分だけが特別勘定に振替えられる。ただし、変額保険には死亡保険金に対する最低保証があるから最低保証を賄いうる危険保険料相当額は一般勘定に再振替する。,0,変額保険の保険料が顧客から入金されると、一旦その全額が一般勘定において保険料勘定で認識される。次に、特別勘定で運用される純保険料部分だけが特別勘定に振替えられる。ただし、変額保険には死亡保険金に対する最低保証があるから最低保証を賄いうる危険保険料相当額は一般勘定に再振替する。,第4章 3 (2)
44,accounts,44,0,特別勘定は、保険業法上一般勘定とは明確に分離して運用することが定められており、一般勘定と特別勘定間のいわゆる勘定間取引については、事業方法書に定める金銭の振替を除き認められていない。事業方法書に定める金銭の振替の例として、変額保険の保険料が顧客から入金されると、一旦その全額が一般勘定において保険料勘定で認識される。次に、特別勘定で運用される生存保険料部分だけが特別勘定に振替えられる。,0,特別勘定は、保険業法上一般勘定とは明確に分離して運用することが定められており、一般勘定と特別勘定間のいわゆる勘定間取引については、事業方法書に定める金銭の振替を除き認められていない。事業方法書に定める金銭の振替の例として、変額保険の保険料が顧客から入金されると、一旦その全額が一般勘定において保険料勘定で認識される。次に、特別勘定で運用される純保険料部分だけが特別勘定に振替えられる。,第4章 3 (2)
45,accounts,45,2,特別勘定は一般勘定とは区分し、全く別の会計単位として記帳されているが、決算時にディスクローズ資料として、貸借対照表や損益計算書を作成する際には、両者を合併して一表にする必要がある。合併に当たっては、勘定間取引は同一企業間内部の取引なので相殺され、貸借対照表や損益計算書に記載されることはない。,1,特別勘定は一般勘定とは区分し、全く別の会計単位として記帳されているが、決算時にディスクローズ資料として、貸借対照表や損益計算書を作成する際には、両者を合併して一表にする必要がある。合併に当たっては、勘定間取引は同一企業間内部の取引なので相殺され、貸借対照表や損益計算書に記載されることはない。,第4章 3 (5)
46,accounts,46,1,「退職給付引当金」は、退職給付に関する会計基準に基づき、退職時に見込まれる退職給付のうち期末までに発生したと認められる額の割引現在価値から企業年金制度に基づいて退職給付に充てるために積み立てられている年金資産を差し引いた額を計上する。,1,「退職給付引当金」は、退職給付に関する会計基準に基づき、退職時に見込まれる退職給付のうち期末までに発生したと認められる額の割引現在価値から企業年金制度に基づいて退職給付に充てるために積み立てられている年金資産を差し引いた額を計上する。,第4章 4 (1)
47,accounts,47,2,デリバティブをヘッジ手段として用いている場合で一定の要件が満たされるときは、デリバティブの損益を損益計算書に反映させず、ヘッジ対象の資産・負債の決済時点まで資産又は負債に計上して繰り延べることができる。これをヘッジ会計という。,1,デリバティブをヘッジ手段として用いている場合で一定の要件が満たされるときは、デリバティブの損益を損益計算書に反映させず、ヘッジ対象の資産・負債の決済時点まで資産又は負債に計上して繰り延べることができる。これをヘッジ会計という。,第4章 4 (1)
48,accounts,48,0,価格変動準備金は、将来の価格変動リスクに備えるための準備金であるが、他の引当金と異なり、純粋な会計学的見地からは、負債性に疑問があり、利益留保性の高い引当金とされる。また、同準備金は国税庁長官への不積立申請を行い、認可を得た場合には、その全部または一部を積み立てないことができる。,0,価格変動準備金は、将来の価格変動リスクに備えるための準備金であるが、他の引当金と異なり、純粋な会計学的見地からは、負債性に疑問があり、利益留保性の高い引当金とされる。また、同準備金は金融庁長官への不積立申請を行い、認可を得た場合には、その全部または一部を積み立てないことができる。,第4章 4 (1)
49,accounts,49,0,価格変動準備金は、株式等の将来の価格変動リスクに備えるための準備金であるが、税法上の取扱いは、負債の部に計上されているものの資本勘定とみなし、繰入額は全額有税扱いである。,1,価格変動準備金は、株式等の将来の価格変動リスクに備えるための準備金であるが、税法上の取扱いは、負債の部に計上されているものの資本勘定とみなし、繰入額は全額有税扱いである。,第4章 4 (1)
50,accounts,50,1,生命保険相互会社の決算スケジュールは、定時社員総会(総代会)の4週間前までに総代会招集通知を発送し、事業年度終了後4カ月以内に業務報告書・連結業務報告書を提出、公衆縦覧資料の縦覧を開始することになっている。,0,生命保険相互会社の決算スケジュールは、定時社員総会(総代会)の2週間前までに総代会招集通知を発送し、事業年度終了後4カ月以内に業務報告書・連結業務報告書を提出、公衆縦覧資料の縦覧を開始することになっている。,第4章 4 (3)
51,accounts,51,2,連結と持分法による処理との間には、連結財務諸表における連結対象科目が全科目か1科目かという違いはあるが、当期損益及び純資産に与える影響は同じである。,1,連結と持分法による処理との間には、連結財務諸表における連結対象科目が全科目か1科目かという違いはあるが、当期損益及び純資産に与える影響は同じである。,第4章 5 (3)
52,accounts,52,3,連結子会社及び子法人等の範囲について、従来は会社が他の会社の意思決定機関を支配しているか否かによって実質的に判定していたが、現在は、議決権の所有割合(50％超で子会社及び子法人等)で形式的に判定する。,0,連結子会社及び子法人等の範囲について、現在は会社が他の会社の意思決定機関を支配しているか否かによって実質的に判定している。従来は、議決権の所有割合(50％超で子会社及び子法人等)で形式的に判定していた。,第4章 5 (3)
53,accounts,53,2,連結会社相互間(親会社と連結される子会社及び子法人等間、連結される子会社及び子法人等相互間)における、債権・債務及び収益・費用等の取引は、連結決算上消去しなければならないが、連結会社相互間の取引によって取得した資産に含まれる未実現損益は、消去する必要はない。,0,連結会社相互間(親会社と連結される子会社及び子法人等間、連結される子会社及び子法人等相互間)における、債権・債務及び収益・費用等の取引は、連結決算上消去しなければならない。連結会社相互間の取引によって取得した資産に含まれる未実現損益も、全額消去する必要がある。,第4章 5 (3)
54,accounts,54,1,連結決算において、資本連結とは、親会社の子会社及び子法人等に対する投資勘定とこれに対応する子会社及び子法人等の株主資本を相殺消去し、消去差額が生じた場合には当該差額を「有価証券勘定」に計上するとともに､子会社及び子法人等の資本のうち親会社に帰属しない部分を｢少数株主持分」に振り替える一連の手続をいう。,0,連結決算において、資本連結とは、親会社の子会社及び子法人等に対する投資勘定とこれに対応する子会社及び子法人等の株主資本を相殺消去し、消去差額が生じた場合には当該差額を「のれん(連結調整勘定)」に計上するとともに､子会社及び子法人等の資本のうち親会社に帰属しない部分を｢少数株主持分」に振り替える一連の手続をいう。,第4章 5 (3)
55,accounts,55,1,保険業法は、保険契約者の保護を目的として、1939年(昭和14年)に制定、1995年(平成7年)に全面改正された。最近では、保険募集の基本的ルールや体制整備義務等を定めた改正が2016年(平成28年)に施行されている。,1,保険業法は、保険契約者の保護を目的として、1939年(昭和14年)に制定、1995年(平成7年)に全面改正された。最近では、保険募集の基本的ルールや体制整備義務等を定めた改正が2016年(平成28年)に施行されている。,第4章 6 (1)
56,accounts,56,1,保険会社の計算書類について、株式会社、相互会社は、貸借対照表、損益計算書等を作成しなければならないが、株式会社はさらに剰余金処分に関する議案の作成が求められる。,0,保険会社の計算書類について、株式会社、相互会社は、貸借対照表、損益計算書等を作成しなければならないが、相互会社はさらに剰余金処分に関する議案の作成が求められる。,第4章 6 (1)
57,accounts,57,2,会計に関する保険業法と会社法との関連性においては、計算規定を中心に株式会社については保険業法を準用し、相互会社については会社法を中心に定めている。,0,会計に関する保険業法と会社法との関連性においては、計算規定を中心に株式会社については会社法を準用し、相互会社については保険業法を中心に定めている。,第4章 6 (1)
58,accounts,58,1,2005年(平成17年)に金融庁は事務ガイドラインを廃止し、保険会社向けの総合的な監督指針を発表した。本監督指針においては、保険会社の監督事務に関し、その基本的考え方、監督上の評価項目、事務処理上の留意点について、従来の事務ガイドラインの内容も踏まえ、体系的に整理した。,1,2005年(平成17年)に金融庁は事務ガイドラインを廃止し、保険会社向けの総合的な監督指針を発表した。本監督指針においては、保険会社の監督事務に関し、その基本的考え方、監督上の評価項目、事務処理上の留意点について、従来の事務ガイドラインの内容も踏まえ、体系的に整理した。,第4章 6 (2)
59,accounts,59,2,金融関連通達や事務連絡の廃止の際に、省令や告示に格上げされなかった会計に関する事項については、生命保険会社の標準的な取扱いを示すものとして、日本公認会計士協会により「生命保険会社における経理要領」が作成されている。,0,金融関連通達や事務連絡の廃止の際に、省令や告示に格上げされなかった会計に関する事項については、生命保険会社の標準的な取扱いを示すものとして、生命保険協会経理委員会により「生命保険会社における経理要領」が作成されている。,第4章 6 (3)
60,accounts,60,0,一般の企業の資産勘定の区分は、流動資産に属する資産、固定資産に属する資産及び繰延資産に属する資産に区分することになっているが、生命保険会社の資産区分は、契約者への将来の保険金等支払に備えた積立金の裏付けとなる資産の内訳を表わすものとして、一般の企業とは違った区分となっている。,1,一般の企業の資産勘定の区分は、流動資産に属する資産、固定資産に属する資産及び繰延資産に属する資産に区分することになっているが、生命保険会社の資産区分は、契約者への将来の保険金等支払に備えた積立金の裏付けとなる資産の内訳を表わすものとして、一般の企業とは違った区分となっている。,第5章 1 (1)
61,accounts,61,1,有価証券のうち、「その他有価証券」は、保険会社の財務の特性により保険会社にのみ認められている区分であり、金利変動要因で時価が変動する債券のうち、リスク管理を適切に行っていること、資産・負債のデュレーション・マッチングの有効性の検証が行われている等の所定の要件を満たしている場合は、償却原価法により評価を行うことができる。,0,有価証券のうち、「責任準備金対応債券」は、保険会社の財務の特性により保険会社にのみ認められている区分であり、金利変動要因で時価が変動する債券のうち、リスク管理を適切に行っていること、資産・負債のデュレーション・マッチングの有効性の検証が行われている等の所定の要件を満たしている場合は、償却原価法により評価を行うことができる。,第5章 1 (2)
62,accounts,62,2,保険会社は特に開業当初において多額の事業費を要することにかんがみ、成立後の最初の10事業年度の事業費を、20年以内に償却することが認められている。,0,保険会社は特に開業当初において多額の事業費を要することにかんがみ、成立後の最初の5事業年度の事業費を、10年以内に償却することが認められている。,第5章 1 (2)
63,accounts,63,2,自社利用のソフトウェア制作費で、「将来の収益獲得または費用削減が確実」なものは無形固定資産として計上する。資産計上されたソフトウェア制作費は、原則として5年以内の利用可能期間で定率法により償却される。,0,自社利用のソフトウェア制作費で、「将来の収益獲得または費用削減が確実」なものは無形固定資産として計上する。資産計上されたソフトウェア制作費は、原則として5年以内の利用可能期間で定額法により償却される。,第5章 1 (2)
64,accounts,64,1,取得価額が、20万円未満または使用可能期間が3年未満の減価償却資産については、事業の用に供した日の属する事業年度で、損金経理をした場合、少額資産等の特例として、資産に計上しないことができる。,0,取得価額が、10万円未満または使用可能期間が1年未満の減価償却資産については、事業の用に供した日の属する事業年度で、損金経理をした場合、少額資産等の特例として、資産に計上しないことができる。,第5章 1 (2)
65,accounts,65,1,「仮受金」は、一定の契約に従い、継続して役務の提供を行う場合、いまだ提供していない役務に対し支払を受けた対価を計上する。生命保険会社においては、貸付金に係る前受利息、外貨建債権債務の為替予約に伴う為替差益の翌期以降に対応する額等が含まれる。,0,「前受収益」は、一定の契約に従い、継続して役務の提供を行う場合、いまだ提供していない役務に対し支払を受けた対価を計上する。生命保険会社においては、貸付金に係る前受利息、外貨建債権債務の為替予約に伴う為替差益の翌期以降に対応する額等が含まれる。,第5章 1 (2)
66,accounts,66,1,外貨預金の期末為替換算については、「外貨建取引等会計処理基準」によることとされており、決算は決算時レートで行う。,1,外貨預金の期末為替換算については、「外貨建取引等会計処理基準」によることとされており、決算は決算時レートで行う。,第5章 1 (2)
67,accounts,67,2,「代理店貸」には、代理店への債権額を計上する。代理店で取り扱った新契約、集金した保険料は、生命保険会社へ送金するが、着金する前に代理店からの報告に基づいて保険料収入処理する場合に、この科目を使用する。,1,「代理店貸」には、代理店への債権額を計上する。代理店で取り扱った新契約、集金した保険料は、生命保険会社へ送金するが、着金する前に代理店からの報告に基づいて保険料収入処理する場合に、この科目を使用する。,第5章 1 (2)
68,accounts,68,0,払込みにより取得した有価証券は、払込んだ金額が取得価額とされる。,1,払込みにより取得した有価証券は、払込んだ金額が取得価額とされる。,第5章 1 (2)
69,accounts,69,1,有形固定資産の減価償却とは、建物、車輌、什器などの固定資産は、使用や時間の経過とともに価値が減少することから、この価値の減少額を使用期間にわたって費用として配分する手続のことで、法人税法では有形固定資産の種類にかかわらず減価償却の方法は自由に選定できる旨定められている。,0,有形固定資産の減価償却とは、建物、車輌、什器などの固定資産は、使用や時間の経過とともに価値が減少することから、この価値の減少額を使用期間にわたって費用として配分する手続のことで、法人税法では課税の公平を保つため、選定できる償却の方法が定められている。,第5章 1 (2)
70,accounts,70,1,負債は、買掛金、借入金などの債務を表し、一般の企業では、流動(短期)負債に属する負債、固定(長期)負債に属する負債に区分することになっており、生命保険会社においても、一般の企業と同様の区分をしている。,0,負債は、買掛金、借入金などの債務を表し、一般の企業では、流動(短期)負債に属する負債、固定(長期)負債に属する負債に区分することになっているが、生命保険会社においては、一般の企業と違った区分をしている。,第5章 2 (1)
71,accounts,71,2,価格変動準備金は、株式等、将来において価格変動による損失が生じ得るものとして内閣府令で定める資産について積み立てることを義務付けられたものであるが、積立基準や積立限度額については、特段定められていない。,0,価格変動準備金は、株式等、将来において価格変動による損失が生じ得るものとして内閣府令で定める資産について積み立てることを義務付けられたものである。資産ごとに定められた積立基準により計算された額を、積立限度額に達するまで価格変動準備金として積み立てることを義務付けている。,第5章 2 (2)
72,accounts,72,0,「未払金」は、本来の営業取引以外の取引によって発生した債務で、代金の未支払額を計上するものであり、生命保険会社における不動産・動産等の買入代金の未支払金額は含まれない。ただし、団体保険・企業年金等の共同引受に伴う未支払金額等は含まれる。,0,「未払金」は、本来の営業取引以外の取引によって発生した債務で、代金の未支払額を計上するものであり、生命保険会社における不動産・動産等の買入代金額、団体保険・企業年金等の共同引受に伴う未支払金額等が含まれる。,第5章 2 (2)
73,accounts,73,1,「未払費用」は、一定の契約に従い、継続して役務の提供を受ける場合、既に提供された役務に対していまだその対価の支払が終わらないものを計上する。生命保険会社においては、未払事業費、未払税金、未払賞与(賞与引当金のことで、生命保険会社では未払費用としている)等が含まれる。なお、そのうちの未払賞与は、すべて損金算入が認められない。,1,「未払費用」は、一定の契約に従い、継続して役務の提供を受ける場合、既に提供された役務に対していまだその対価の支払が終わらないものを計上する。生命保険会社においては、未払事業費、未払税金、未払賞与(賞与引当金のことで、生命保険会社では未払費用としている)等が含まれる。なお、そのうちの未払賞与は、すべて損金算入が認められない。,第5章 2 (2)
74,accounts,74,0,負債勘定のうち、「その他負債」における「減価償却債務」とは、有形固定資産の取得、建設、開発または通常の使用によって生じ、当該有形固定資産の除去に関して法令や契約で要求される法律上の義務およびそれに準ずるものと定義される。,0,負債勘定のうち、「その他負債」における「資産除去債務」とは、有形固定資産の取得、建設、開発または通常の使用によって生じ、当該有形固定資産の除去に関して法令や契約で要求される法律上の義務およびそれに準ずるものと定義される。,第5章 2 (2)
75,accounts,75,3,「退職給付引当金」は、退職給付に関する会計基準に基づき、退職給付債務の額（退職時に見込まれる退職給付の総額のうち、中間決算時までに発生していると認められる額を一定の割引率および予想される残存勤務期間に基づき割り引いて計算した額)に未認識過去勤務費用および数理計算上の差異を加減した額から年金資産の額を控除した額を計上する。,0,「退職給付引当金」は、退職給付に関する会計基準に基づき、退職給付債務の額（退職時に見込まれる退職給付の総額のうち、期末までに発生していると認められる額を一定の割引率および予想される残存勤務期間に基づき割り引いて計算した額)に未認識過去勤務費用および数理計算上の差異を加減した額から年金資産の額を控除した額を計上する。,第5章 2 (2)
76,accounts,76,0,「代理店借」は、代理店への債権額を計上する。代理店手数料の未払分、代理店からの送金過剰分等が含まれる。,0,「代理店借」は、代理店への債務額を計上する。代理店手数料の未払分、代理店からの送金過剰分等が含まれる。,第5章 2 (2)
77,accounts,77,2,基金利息については、保険業法により純資産額から基金、損失填補準備金、基金償却積立金及び時価評価により増加した貸借対照表上の純資産額を控除した額を限度として支払うことができるとされている。,1,基金利息については、保険業法により純資産額から基金、損失填補準備金、基金償却積立金及び時価評価により増加した貸借対照表上の純資産額を控除した額を限度として支払うことができるとされている。,第5章 3 (2)
78,accounts,78,2,2001年(平成13年)の改正商法の施行により、取得財源の範囲内であれば目的の如何にかかわらず自己株式を取得し、さらにその後保管し続けることが容認されるようになった。これらに伴い、自己株式は、純資産の部に加算する形式で表示することとされた。,0,2001年(平成13年)の改正商法の施行により、取得財源の範囲内であれば目的の如何にかかわらず自己株式を取得し、さらにその後保管し続けることが容認されるようになった。これらに伴い、自己株式は、純資産の部から控除する形式で表示することとされた。,第5章 3 (2)
79,accounts,79,2,"相互会社においては、損失填補準備金は、担保資金を増強し、将来の損失に備えるため、保険業法により基金(基金償却積立金を含む)の総額(定款でこれを下回る額を定めたときは、その額)に達するまでは、毎決算期に剰余金の処分として支出する金額の1,000分の2以上を積み立てることが強制されている。",0,"相互会社においては、損失填補準備金は、担保資金を増強し、将来の損失に備えるため、保険業法により基金(基金償却積立金を含む)の総額(定款でこれを上回る額を定めたときは、その額)に達するまでは、毎決算期に剰余金の処分として支出する金額の1,000分の3以上を積み立てることが強制されている。",第5章 3 (2)
80,accounts,80,2,株式会社においては、資本準備金と利益準備金の合計が一定の額に達するまでは、剰余金の配当をする場合には、その配当により減少する剰余金の額の3分の1を資本準備金または利益準備金として積み立てなければならない。,0,株式会社においては、資本準備金と利益準備金の合計が一定の額に達するまでは、剰余金の配当をする場合には、その配当により減少する剰余金の額の5分の1を資本準備金または利益準備金として積み立てなければならない。,第5章 3 (2)
81,accounts,81,2,相互会社の基金を償却する場合に、保険業法によって、償却額と同額の積立てが義務付けられている。これが「基金償却積立金」である。,1,相互会社の基金を償却する場合に、保険業法によって、償却額と同額の積立てが義務付けられている。これが「基金償却積立金」である。,第5章 3 (2)
82,accounts,82,2,「その他有価証券評価差額金」は、その他有価証券の評価差額に税効果会計上の税効果相当額を加算した額を計上する。,0,「その他有価証券評価差額金」は、その他有価証券の評価差額から税効果会計上の税効果相当額を控除した額を計上する。,第5章 3 (2)
83,accounts,83,0,生命保険会社の純資産勘定中の再評価積立金は株式会社だけに存在する積立金である。,0,生命保険会社の純資産勘定中の再評価積立金は相互会社だけに存在する積立金である。,第5章 3 (2)
84,accounts,84,2,収益に属する科目としての「保険料」は、現金主義により計上される。すなわち、当該会計期間に現実に入金があったものについてだけその計上がなされ、前納保険料は計上されない。期日前収入による保険料等のように、本来は次期以降の収益となるべきものについても、入金時点ですべて当期の保険料として計上する。これにより発生する期間損益の歪みの修正は、 費用収益対応の原則に従い、次期以降の期間に対応する部分の全額を、責任準備金に繰り入れ、費用として計上することにより行われる。,0,収益に属する科目としての「保険料」は、現金主義により計上される。すなわち、当該会計期間に現実に入金があったものについてだけその計上がなされ、未収保険料は計上されない。期日前収入による保険料等のように、本来は次期以降の収益となるべきものについても、入金時点ですべて当期の保険料として計上する。これにより発生する期間損益の歪みの修正は、 費用収益対応の原則に従い、 次期以降の期間に対応する部分の全額を、責任準備金に繰り入れ、費用として計上することにより行われる。,第5章 4 (3)
85,accounts,85,0,「利息及び配当金等収入」には、預貯金利息、公社債利息、株式配当金(売買目的有価証券及び商品有価証券に係るものを含む｡)、貸付金利息、不動産賃貸料等が計上されるほか、コールローン利息､買入金銭債権利息、債務保証料等もその他の利息配当金として計上される。,0,「利息及び配当金等収入」には、預貯金利息、公社債利息、株式配当金(売買目的有価証券及び商品有価証券に係るものを除く｡)、貸付金利息、不動産賃貸料等が計上されるほか、コールローン利息、買入金銭債権利息、債務保証料等もその他の利息配当金として計上される。,第5章 4 (3)
86,accounts,86,0,「保険業法第112条評価益」は、保険契約者への公平な配当および利益の確保を図るために、市場価格のある株式の評価換えによる利益の計上によって、責任準備金又は契約者配当準備金若しくは社員配当準備金に積み立てる場合には、保険業法第112条により内閣総理大臣の認可を受けて行うことが認められている。,1,「保険業法第112条評価益」は、保険契約者への公平な配当および利益の確保を図るために、市場価格のある株式の評価換えによる利益の計上によって、責任準備金又は契約者配当準備金若しくは社員配当準備金に積み立てる場合には、保険業法第112条により内閣総理大臣の認可を受けて行うことが認められている。,第5章 4 (3)
87,accounts,87,0,「解約返戻金」は、保険契約の解約、保険金の減額等の場合に支払われ、個人保険および個人年金の契約については、各社ともおおむね純保険料式保険料積立金を基準に､経過10年未満の契約では一定の解約控除を行って算出した金額としており、団体定期保険、消費者信用団体生命保険、医療保障保険等の保険期間1年の掛け捨ての契約についても解約返戻金がある。,0,「解約返戻金」は、保険契約の解約、保険金の減額等の場合に支払われ、個人保険および個人年金の契約については、各社ともおおむね純保険料式保険料積立金を基準に､経過10年未満の契約では一定の解約控除を行って算出した金額としているが、団体定期保険、消費者信用団体生命保険、医療保障保険等の保険期間1年の掛け捨ての契約については解約返戻金がない。,第5章 4 (4)
88,accounts,88,0,保険契約上の諸支払のうち、①契約の無効、取消し、解除による返戻金、②年齢訂正、種類変更による保険料差額または責任準備金差額は、「その他返戻金」に含まれる。,1,保険契約上の諸支払のうち、①契約の無効、取消し、解除による返戻金、②年齢訂正、種類変更による保険料差額または責任準備金差額は、「その他返戻金」に含まれる。,第5章 4 (4)
89,accounts,89,2,費用に属する科目としての「保険金」は、原則として死亡、満期等契約の消滅に伴う保険給付を指すのであるが、こども保険等の生存保険金および個人年金における死亡返戻金等は、「給付金」として処理される。,1,費用に属する科目としての「保険金」は、原則として死亡、満期等契約の消滅に伴う保険給付を指すのであるが、こども保険等の生存保険金および個人年金における死亡返戻金等は、「給付金」として処理される。,第5章 4 (4)
90,accounts,90,1,「給付金」は、傷害、入院、手術等の給付金で、主に主契約に付随する特約によって支払われるもので、保険金、年金以外の支払額を計上する科目である。なお、こども保険等の生存保険における被保険者死亡による死亡給付金､生存給付金付定期保険などの生存給付金等は｢その他返戻金」で処理される。,0,「給付金」は、傷害、入院、手術等の給付金で、主に主契約に付随する特約によって支払われるもので、保険金、年金以外の支払額を計上する科目である。なお、こども保険等の生存保険における被保険者死亡による死亡給付金､生存給付金付定期保険などの生存給付金等も含まれる。,第5章 4 (4)
91,accounts,91,2,固定資産の減損会計とは、固定資産の収益性の低下により投資額の回収が見込めなくなった場合に、一定の条件のもとで、回収可能性を反映させるように帳簿価額を減額し、将来に損失を繰り延べないために行われる会計処理のことをいう。,1,固定資産の減損会計とは、固定資産の収益性の低下により投資額の回収が見込めなくなった場合に、一定の条件のもとで、回収可能性を反映させるように帳簿価額を減額し、将来に損失を繰り延べないために行われる会計処理のことをいう。,第5章 4 (4)
92,accounts,92,2,減損会計の対象資産は、土地、建物等の有形固定資産で、営業権や特許権等の無形固定資産は対象とはならない。,0,減損会計の対象資産は、土地、建物等の有形固定資産だけでなく、営業権や特許権等の無形固定資産も対象となる。,第5章 4 (4)
93,accounts,93,2,減損会計の対象資産のうち、減損損失を認識すると判定されたものについては、帳簿価額を回収可能価額まで減額し、当該減少額を減損損失として貸借対照表に計上する。,0,減損会計の対象資産のうち、減損損失を認識すると判定されたものについては、帳簿価額を回収可能価額まで減額し、当該減少額を減損損失として損益計算書に計上する。,第5章 4 (4)
94,accounts,94,2,「保険金据置支払金」は、据置払取扱いにより保険金、給付金、配当金を据置いている場合、受取人からの請求若しくは据置期間の満了により支払われる金額を計上する。なお、据置期間に対応する利息は「支払利息」に計上される。,0,「保険金据置支払金」は、据置払取扱いにより保険金、給付金、配当金を据置いている場合、受取人からの請求若しくは据置期間の満了により支払われる金額を計上する。なお、据置期間に対応する利息も本科目に計上される。,第5章 4 (4)
95,accounts,95,2,解約返戻金は、保険契約の解約、保険金の減額等の場合に支払われる。通常約款上は、保険金、解約返戻金等を請求する権利は支払事由発生のときから3年間請求がないときは消滅する旨定めているので、責任準備金に積み立てられたそれらの契約上の諸支払も3年を経過したものは時効処理することとなる。,0,解約返戻金は、保険契約の解約、保険金の減額等の場合に支払われる。通常約款上は、保険金、解約返戻金等を請求する権利は支払事由発生のときから3年間請求がないときは消滅する旨定めているので、支払備金に積み立てられたそれらの契約上の諸支払も3年を経過したものは時効処理することとなる。,第5章 4 (4)
96,accounts,96,0,生命保険会社が支払う税金のうち、法人税やそれを基礎として計算される都道府県民税・市町村民税については、損益計算書上、他の税金と合算して表示することができる。,0,生命保険会社が支払う税金のうち、法人税やそれを基礎として計算される都道府県民税・市町村民税については、損益計算書上、他の税金と区別して税引前当期剰余から控除する形式で表示される。,第5章 4 (4)
97,accounts,97,1,「為替差損」は、外貨建資産等について、決済若しくは決算時における換算に伴う差損を計上する(ただし、売買目的有価証券の換算差額を除く)。,1,「為替差損」は、外貨建資産等について、決済若しくは決算時における換算に伴う差損を計上する(ただし、売買目的有価証券の換算差額を除く)。,第5章 4 (4)
98,accounts,98,0,「解約返戻金」には、保険契約の解約、保険金の減額等の場合の返戻金のほか、契約の無効、取消し、解除による返戻金や、前納保険料等の返金といった支払額も含まれる。,0,「解約返戻金」には、保険契約の解約、保険金の減額等の場合の返戻金が含まれ、契約の無効、取消し、解除による返戻金や、前納保険料等の返金といった支払額は「その他の返戻金」に含まれる。,第5章 4 (4)
99,accounts,99,2,費用に属する科目のうち、「年金」には、個人年金、財形年金または国民年金契約によって支払われる年金年額を計上する。また、こども保険の育英年金特約または団体定期保険の年金払特約による支払額も含まれる。なお、年金特約によらない保険金の単なる分割支払も含まれる。,0,費用に属する科目のうち、「年金」には、個人年金、財形年金または国民年金契約によって支払われる年金年額を計上する。また、こども保険の育英年金特約または団体定期保険の年金払特約による支払額も含まれる。なお、年金特約によらない保険金の単なる分割支払は年金に計上しない。,第5章 4 (4)
100,accounts,100,2,事業費とは、生命保険会社の事業運営に必要な諸経費のことであり、一般の事業会社でいう「固定費」に相当するもので、付加保険料の範囲のなかで賄う必要がある。税金や減価償却費、退職給付引当金繰入額なども事業費と同様に付加保険料の範囲内で賄うべき費用であるが、生命保険会社の損益計算書上では、事業費には含まれない。,0,事業費とは、生命保険会社の事業運営に必要な諸経費のことであり、一般の事業会社でいう「販売費及び一般管理費」に相当するもので、付加保険料の範囲のなかで賄う必要がある。税金や減価償却費、退職給付引当金繰入額なども事業費と同様に付加保険料の範囲内で賄うべき費用であるが、生命保険会社の損益計算書上では、事業費には含まれない。,第6章 1 (1)
101,accounts,101,0,事業費は、付加保険料の構成要素に対応した支出実績を把握し、分析する必要があるため、通常「新契約費」「維持費」「減価償却費」に分類している。,0,事業費は、付加保険料の構成要素に対応した支出実績を把握し、分析する必要があるため、通常「新契約費」「維持費」「集金費」に分類している。,第6章 1 (3)
102,accounts,102,1,「費差損益」とは、利源分析を行う際に分類する6損益のひとつで、「予定事業費」と「事業費および事業費に準ずる経費」に関しその損益状況を把握するものである。,1,「費差損益」とは、利源分析を行う際に分類する6損益のひとつで、「予定事業費」と「事業費および事業費に準ずる経費」に関しその損益状況を把握するものである。,第6章 1 (5)
103,accounts,103,1,費差損益管理の課題は、適切な水準の費差配当を安定して実行できる費差益を確保していくことにある。このため、より多くの収入を得て、効率的な支出に努め、費差益を拡大させる必要があるが、収入管理と支出管理を比較すれば、経営としてより主体的に取り組めるのは収入管理である。,0,費差損益管理の課題は、適切な水準の費差配当を安定して実行できる費差益を確保していくことにある。このため、より多くの収入を得て、効率的な支出に努め、費差益を拡大させる必要があるが、収入管理と支出管理を比較すれば、経営としてより主体的に取り組めるのは支出管理である。,第6章 1 (5)
104,accounts,104,1,「事業費管理」は、通常、経営管理手法のひとつである予算制度を活用した事業費予算管理制度として行われている。,1,「事業費管理」は、通常、経営管理手法のひとつである予算制度を活用した事業費予算管理制度として行われている。,第6章 1 (5)
105,accounts,105,1,生命保険会社の経営目標は、保険料を構成する3要素、すなわち、予定死亡率、予定利率、予定事業費率に対して、実際の死亡率、利率、事業費率を改善し、契約者に配当金として還元することにある。このため、「予定」と「実際」の「差異」を把握し、その要因を各損益別に分析するために収支分析を行っている。,0,生命保険会社の経営目標は、保険料を構成する3要素、すなわち、予定死亡率、予定利率、予定事業費率に対して、実際の死亡率、利率、事業費率を改善し、契約者に配当金として還元することにある。このため、「予定」と「実際」の「差異」を把握し、その要因を各損益別に分析するために利源分析を行っている。,第6章 1 (5)
106,accounts,106,1,「利源分析」における損益分類は、「死差損益」「利差損益」「費差損益」の三損益を中心として、これに、「危険準備金損益」「為替損益」「その他の損益」を加え、全体を6個の損益としている。,0,「利源分析」における損益分類は、「死差損益」「利差損益」「費差損益」の三損益を中心として、これに、「責任準備金関係損益」、「価格変動損益」「その他の損益」を加え、全体を6個の損益としている。,第6章 2 (1)
107,accounts,107,1,保険業法および会社法の規定により、計算書類が株主総会(相互会社は総代会)において承認された場合、遅滞なく貸借対照表および損益計算書を公告することになっている。公告方法としては、①官報に記載、②日刊新聞に掲載、③電子公告、のいずれかを事業方法書で定めることができる。,0,保険業法および会社法の規定により、計算書類が株主総会(相互会社は総代会)において承認された場合、遅滞なく貸借対照表および損益計算書を公告することになっている。公告方法としては、①官報に記載、②日刊新聞に掲載、③電子公告、のいずれかを定款で定めることができる。,第6章 3 (1)
108,accounts,108,0,生命保険会社は、計算書類が株主総会(相互会社は総代会)において承認された場合、遅滞なく貸借対照表および損益計算書を公告することになっている。なお、公告方法が日刊新聞に掲載する方法である場合は、貸借対照表の要旨および損益計算書の要旨を公告すれば足りるとされており、その様式は保険業法施行規則の別紙様式に定められている。,1,生命保険会社は、計算書類が株主総会(相互会社は総代会)において承認された場合、遅滞なく貸借対照表および損益計算書を公告することになっている。なお、公告方法が日刊新聞に掲載する方法である場合は、貸借対照表の要旨および損益計算書の要旨を公告すれば足りるとされており、その様式は保険業法施行規則の別紙様式に定められている。,第6章 3 (1)
109,accounts,109,2,生命保険会社に対しては、保険業法において、事業年度ごとに業務および財産の状況に関する事項を記載した説明資料の作成、縦覧が詳細に規定されているが、キャッシュ・フロー計算書は、縦覧の対象資料に含まれない。,0,生命保険会社に対しては、保険業法において、事業年度ごとに業務および財産の状況に関する事項を記載した説明資料の作成、縦覧が詳細に規定されているが、2000年度決算からキャッシュ・フロー計算書は、縦覧の対象資料に付け加えられた。,第6章 3 (1)
110,accounts,110,1,生命保険会社は、保険業法および会社法の規定により、株主総会(相互会社にあっては総代会)の会日より2週間前から、貸借対照表、損益計算書等の計算書類を本社・支社を問わず7年間備置することになっている。,0,生命保険会社は、保険業法および会社法の規定により、株主総会(相互会社にあっては総代会)の会日より2週間前から、貸借対照表、損益計算書等の計算書類を5年間本社に、その謄本を3年間支社に備置することになっている。,第6章 3 (1)
111,accounts,111,3,一般の企業と異なり生命保険会社の決算は年1回であり、中間決算の発表は、義務付けられていないが、1990年度(平成2年度)から、9月末時点の会社の経営内容、経理内容等を上半期報告としてディスクローズすることになった。また、保険業法施行規則の改正により、2008年度(平成20年度)から、四半期開示が努力義務として規定された。,1,一般の企業と異なり生命保険会社の決算は年1回であり、中間決算の発表は、義務付けられていないが、1990年度(平成2年度)から、9月末時点の会社の経営内容、経理内容等を上半期報告としてディスクローズすることになった。また、保険業法施行規則の改正により、2008年度(平成20年度)から、四半期開示が努力義務として規定された。,第6章 3 (2)
112,accounts,112,1,区分経理を導入することにより、一般勘定について保険種類ごとに、資産・負債・損益が分別管理され、それぞれの収支構造が明確になることから、各保険種類の特性に応じた商品の設計、保険料・配当率の設定、資産運用等が可能となる。,1,区分経理を導入することにより、一般勘定について保険種類ごとに、資産・負債・損益が分別管理され、それぞれの収支構造が明確になることから、各保険種類の特性に応じた商品の設計、保険料・配当率の設定、資産運用等が可能となる。,第6章 4 リード
113,accounts,113,1,区分経理を行うにあたっては、収入保険料や支払保険金のように直接保険種類別に区分が可能なものと、資産運用収益のように直接的に保険種類別に区分できないものがある。前者を直課と呼び、後者は一定の合理的な基準で保険種類別に配分する必要があるところから、 配賦と呼ばれる。,1,区分経理を行うにあたっては、収入保険料や支払保険金のように直接保険種類別に区分が可能なものと、資産運用収益のように直接的に保険種類別に区分できないものがある。前者を直課と呼び、後者は一定の合理的な基準で保険種類別に配分する必要があるところから、 配賦と呼ばれる。,第6章 4 (2)
114,accounts,114,1,資産分別管理方式は、例えば、現金預金等全体を1個の単位とし、これに対する各「資産区分」の持分を管理する等、資産をまとめたものを単位として、その単位ごとに各「資産区分」の持分管理を行う方式である。,0,資産持分管理方式(マザーファンド方式)は、例えば、現金預金等全体を1個の単位とし、これに対する各「資産区分」の持分を管理する等、資産をまとめたものを単位として、その単位ごとに各「資産区分」の持分管理を行う方式である。,第6章 4 (5)
115,accounts,115,2,資産分別管理方式は、例えば、株式を銘柄別に各「資産区分」で管理する等、資産を取引等の単位ごとに各「資産区分」に直接配賦し、分別して管理を行う方式である。,1,資産分別管理方式は、例えば、株式を銘柄別に各「資産区分」で管理する等、資産を取引等の単位ごとに各「資産区分」に直接配賦し、分別して管理を行う方式である。,第6章 4 (5)
116,accounts,116,1,資産持分管理方式(マザーファンド方式)は、例えば、不動産の投資物件ごとに各「資産区分」の持分を管理する等、資産を取引等の単位ごとに各資産区分の持分を設定し、管理を行う方式である。,0,資産単位別持分管理方式は、例えば、不動産の投資物件ごとに各「資産区分」の持分を管理する等、資産を取引等の単位ごとに各資産区分の持分を設定し、管理を行う方式である。,第6章 4 (5)
117,accounts,117,0,年度途中の資金移動を区分経理へ反映する場合、資産の購入・売却、利息・配当金収入等の資産運用関係の資金移動については、原則として、運用資産の管理方法に応じて､資金移動の発生と同時に対応する「資産区分」に反映させる。,1,年度途中の資金移動を区分経理へ反映する場合、資産の購入・売却、利息・配当金収入等の資産運用関係の資金移動については、原則として、運用資産の管理方法に応じて､資金移動の発生と同時に対応する「資産区分」に反映させる。,第6章 4 (9)
118,accounts,118,2,保険会社の監査役会は3人以上で構成された監査役(そのうち半数以上は非常勤監査役)のすべてで組織する。また、監査委員会を設置した会社は監査役を置かず、取締役によって構成される監査委員会が監査役と同様の職務を行う。,0,保険会社の監査役会は3人以上で構成された監査役(そのうち半数以上は社外監査役)のすべてで組織する。また、監査委員会を設置した会社は監査役を置かず、取締役によって構成される監査委員会が監査役と同様の職務を行う。,第7章 1 (1)
119,accounts,119,2,会計監査人は、会社と直接利害関係のない公認会計士または弁護士でなければならないとされ、高度の専門的知識を有する職業監査人の監査を義務付けている。,0,会計監査人は、会社と直接利害関係のない公認会計士または公認会計士によって設立された監査法人でなければならないとされ、高度の専門的知識を有する職業監査人の監査を義務付けている。,第7章 1 (2)
120,accounts,120,2,会計監査人は、取締役会により選任され、その職務は、会社の行う一切の会計行為が、会社法、保険業法等の法令に準拠して適正に行われているか否かについて監査を行い、その結果を取締役および監査役に報告することにある。,0,会計監査人は、株主総会(相互会社にあっては総代会)により選任され、その職務は、会社の行う一切の会計行為が、会社法、保険業法等の法令に準拠して適正に行われているか否かについて監査を行い、その結果を取締役および監査役に報告することにある。,第7章 1 (2)
121,accounts,121,2,通常、会計監査は、財務諸表の適法性や決算整理事項の内容監査が中心となる期中監査と、日常業務の取引記録が正確に会計数値として反映されているかといった日々の記帳内容に主眼が置かれる決算監査に分けて行われる。,0,通常、会計監査は、財務諸表の適法性や決算整理事項の内容監査が中心となる決算監査と、日常業務の取引記録が正確に会計数値として反映されているかといった日々の記帳内容に主眼が置かれる期中監査に分けて行われる。,第7章 1 (2)
122,accounts,122,1,資産の自己査定とは、生命保険会社が自らの資産を検討して、回収の危険性又は価値の毀損の度合に応じて資産を評価する方法である。資産評価は、4段階に区分される。,1,資産の自己査定とは、生命保険会社が自らの資産を検討して、回収の危険性又は価値の毀損の度合に応じて資産を評価する方法である。資産評価は、4段階に区分される。,第7章 2
123,accounts,123,0,金融庁により行われる金融検査は、単に会計に関する事項にとどまらず、経営全般にわたる広い範囲で、保険会社の自己管理やリスク管理等について行われている。,1,金融庁により行われる金融検査は、単に会計に関する事項にとどまらず、経営全般にわたる広い範囲で、保険会社の自己管理やリスク管理等について行われている。,第7章 2
124,accounts,124,3,金融検査は､企業が納める様々な税金が適正に申告納付されているかを税務当局が確認するために行う調査である。そのうち法人税調査は、国税通則法により、国税庁、国税局、もしくは税務署等の職員が、企業に対し必要に応じて実施できる旨、規定されている。,0,税務調査は､企業が納める様々な税金が適正に申告納付されているかを税務当局が確認するために行う調査である。そのうち法人税調査は、国税通則法により、国税庁、国税局、もしくは税務署等の職員が、企業に対し必要に応じて実施できる旨、規定されている。,第7章 3
125,products,1,1,世代要因は、社会の成員が時代や世代を超えて経験する生理的加齢現象やライフステージなどに起因する部分であり、少子・高齢化による人口構造の変化により、中高年齢者が増加しその層の占率が高まることにより社会に大きな影響を与えている。,0,年齢要因は、社会の成員が時代や世代を超えて経験する生理的加齢現象やライフステージなどに起因する部分であり、少子・高齢化による人口構造の変化により、中高年齢者が増加しその層の占率が高まることにより社会に大きな影響を与えている。,第1章 1 (1)
126,products,2,1,年齢要因は、生育環境の時代的相違などによる世代間で異なる特徴部分であり、戦後生まれの団塊の世代、高度成長期以降の豊かな時代に生まれた団塊ジュニアといわれる世代等、突出した世代の存在が企業の人事・組織制度や社会保障制度の見直しにみられるようにそれまでの組織・社会の安定性を揺るがしている。,0,世代要因は、生育環境の時代的相違などによる世代間で異なる特徴部分であり、戦後生まれの団塊の世代、高度成長期以降の豊かな時代に生まれた団塊ジュニアといわれる世代等、突出した世代の存在が企業の人事・組織制度や社会保障制度の見直しにみられるようにそれまでの組織・社会の安定性を揺るがしている。,第1章 1 (1)
127,products,3,1,年齢要因は、時代や世代を問わず社会の成員全体に同じように及ぶ影響の部分であり、①核家族化の伸展、居住地域の流動化による地縁・血縁集団と個人との関係変化や②所得水準の変化、情報化の進展等による新たなライフスタイル等が価値観変化の要因となっている。,0,時代要因は、年齢や世代を問わず社会の成員全体に同じように及ぶ影響の部分であり、①核家族化の伸展、居住地域の流動化による地縁・血縁集団と個人との関係変化や②所得水準の変化、情報化の進展等による新たなライフスタイル等が価値観変化の要因となっている。,第1章 1 (1)
128,products,4,1,女性の社会進出は女性の自立意識を高め、生命保険の市場を広げることにつながる。2019年(令和元年)の女性の生命保険加入率(個人年金保険を除く)は8割を超えているが、年齢別では30歳代の加入率が最も低くなっており、市場として開拓の余地を残しているといえる。,0,女性の社会進出は女性の自立意識を高め、生命保険の市場を広げることにつながる。2019年(令和元年)の女性の生命保険加入率(個人年金保険を除く)は8割を超えているが、年齢別では20歳代の加入率が最も低くなっており、市場として開拓の余地を残しているといえる。,第1章 1 (3)
129,products,5,1,女性の保障準備については、20～30歳代で医療保障へのニーズ、40～50歳代で死亡保障へのニーズ、50～60歳代で老後保障へのニーズが一番高い。,0,女性の保障準備については、20～30歳代で医療保障へのニーズ、40～50歳代で老後保障へのニーズ､50～60歳代で介護保障へのニーズが一番高い。,第1章 1 (3)
130,products,6,1,日本の女性の労働力率を年齢別にみると、30～39歳の年齢層の労働力率が非常に高くなっている。これは、共稼ぎ世帯の増加により、女性の職場進出が進んだことに起因するものと考えられる。,0,日本の女性の労働力率を年齢別にみると、30～39歳の年齢層において一旦低下している。これは、この年齢層においては、結婚して退職し、子育てに専念している女性が多いことに起因するものと考えられる。,第1章 1 (3)
131,products,7,1,二人以上世帯の貯蓄の目的としては、「老後の生活資金」「病気や不時の災害への備え」「こどもの教育資金」が3大目的となっている。これらの順位は過去10年間大きな変化はみられないが、「老後の生活資金」を目的とする人が特に多い。,1,二人以上世帯の貯蓄の目的としては、「老後の生活資金」「病気や不時の災害への備え」「こどもの教育資金」が3大目的となっている。これらの順位は過去10年間大きな変化はみられないが、「老後の生活資金」を目的とする人が特に多い。,第1章 1 (4)
132,products,8,0,総務省の家計調査年報(令和元年)で勤労者世帯の種類別貯蓄現在高を見ると、定期性預貯金が31.8%と最も高く、次いで、生命保険などが31.0％となっている。,0,総務省の家計調査年報(令和元年)で勤労者世帯の種類別貯蓄現在高を見ると、通貨性預貯金が31.8%と最も高く、次いで、生命保険などが31.0％となっている。,第1章 1 (4)
133,products,9,0,高齢社会の伸展とともにシルバー層のウエイトは高まり、75歳以上の高齢者人口が全人口に占める比率は、1990年(平成2年)の12％から2030年には約31%になるものと推測されている。,0,高齢社会の伸展とともにシルバー層のウエイトは高まり、65歳以上の高齢者人口が全人口に占める比率は、1990年(平成2年)の12％から2030年には約31%になるものと推測されている。,第1章 1 (5)
134,products,10,1,国民年金の「付加保険料」は、第1号被保険者が任意で月額400円を納めると、納めた期間に応じた付加年金を受給できる。,1,国民年金の「付加保険料」は、第1号被保険者が任意で月額400円を納めると、納めた期間に応じた付加年金を受給できる。,第1章 3 (2)
135,products,11,2,厚生年金保険の保険料は、給与や賞与に基づく標準報酬月額と標準賞与額に保険料率を乗じて計算された金額を、全額加入者個人が負担することとなっている。,0,厚生年金保険の保険料は、給与や賞与に基づく標準報酬月額と標準賞与額に保険料率を乗じて計算された金額を、労使折半で負担することとなっている。,第1章 3 (2)
136,products,12,1,障害給付は､病気やけがにより障害状態になった場合に支給される。障害発生までの加入期間中に原則として加入期間の3分の1以上の保険料の未納がなかったこと等の要件を満たすことが必要である。障害基礎年金は、障害等級1級～3級の場合に支給される。障害厚生年金は、障害等級1級・2級の場合に支給される。,0,障害給付は､病気やけがにより障害状態になった場合に支給される。障害発生までの加入期間中に原則として加入期間の3分の1以上の保険料の未納がなかったこと等の要件を満たすことが必要である。障害基礎年金は、障害等級1級・2級の場合に支給される。障害厚生年金は、障害等級1級～3級の場合に支給される。,第1章 3 (3)
137,products,13,1,遺族給付は、加入者や年金受給者が死亡した場合、その者に生計を維持されていた遺族に支給される。加入期間中に原則として加入期間の3分の1以上の保険料の未納がなかったこと等の要件を満たすことが必要である。遺族基礎年金は、老齢基礎年金の満額に加え、子の数に応じた加算額が支給される。遺族厚生年金は、老齢厚生年金相当額の3分の2が支給される。,0,遺族給付は、加入者や年金受給者が死亡した場合、その者に生計を維持されていた遺族に支給される。加入期間中に原則として加入期間の3分の1以上の保険料の未納がなかったこと等の要件を満たすことが必要である。遺族基礎年金は、老齢基礎年金の満額に加え、子の数に応じた加算額が支給される。遺族厚生年金は、老齢厚生年金相当額の4分の3が支給される。,第1章 3 (3)
138,products,14,2,老齢基礎年金は、原則として国民年金に25年以上加入している場合に、65歳から支給される。老齢厚生年金は、厚生年金保険の被保険者期間が1カ月以上あり、老齢基礎年金の受給資格期間を満たしている場合に65歳から原則支給される。,0,老齢基礎年金は、原則として国民年金に10年以上加入している場合に、65歳から支給される。老齢厚生年金は、厚生年金保険の被保険者期間が1カ月以上あり、老齢基礎年金の受給資格期間を満たしている場合に65歳から原則支給される。,第1章 3 (3)
139,products,15,2,2004年(平成16年)に成立した「年金改革関連法」により、社会全体の保険料負担能力の伸びを年金改定率に反映させることで、給付水準を調整するミクロ経済スライドが導入された。また、2012年(平成24年)の年金制度改正では、公的年金制度の最低保障機能の強化等のため、年金の受給資格期間を25年から10年に短縮する等の改正が行われた。,0,2004年(平成16年)に成立した「年金改革関連法」により、社会全体の保険料負担能力の伸びを年金改定率に反映させることで、給付水準を調整するマクロ経済スライドが導入された。また、2012年(平成24年)の年金制度改正では、公的年金制度の最低保障機能の強化等のため、年金の受給資格期間を25年から10年に短縮する等の改正が行われた。,第1章 3 (4)
140,products,16,0,厚生労働省の推計では、2025年(令和7年)には現役世代2人で1人の高齢者(65歳以上)を支えることになっている。,1,厚生労働省の推計では、2025年(令和7年)には現役世代2人で1人の高齢者(65歳以上)を支えることになっている。,第1章 3 (4)
141,products,17,0,2012年(平成24年)の年金制度改正では、公的年金制度の最低保障機能の強化等のため、短時間労働者に対する厚生年金保険・健康保険の適用縮小、等の改正が行われた。,0,2012年(平成24年)の年金制度改正では、公的年金制度の最低保障機能の強化等のため、短時間労働者に対する厚生年金保険・健康保険の適用拡大、等の改正が行われた。,第1章 3 (4)
142,products,18,1,公的介護保険制度の運営主体は、国になっているが、介護保険事業が健全かつ円滑に行われるよう、市区町村、都道府県、被保険者が重層的に支えあう制度となっている。,0,公的介護保険制度の運営主体は、各市区町村になっているが、介護保険事業が健全かつ円滑に行われるよう、国、都道府県、被保険者が重層的に支えあう制度となっている。,第1章 4 (1)
143,products,19,2,公的介護保険の被保険者は第1号被保険者(65歳以上)と第2号被保険者(40～64歳)に区分され、保険料の徴収方法、サービスの利用条件などが異なっている。,1,公的介護保険の被保険者は第1号被保険者(65歳以上)と第2号被保険者(40～64歳)に区分され、保険料の徴収方法、サービスの利用条件などが異なっている。,第1章 4 (1)
144,products,20,3,公的介護保険制度の財源は、被保険者からの保険料と、国、都道府県、市区町村からの公費によって賄われる。財源構成は、保険料50％、公費50％で成り立っており、公費は、国25%、都道府県・市区町村がそれぞれ12.5％を負担している。(施設等給付については、国20%、都道府県17.5%となっている。),1,公的介護保険制度の財源は、被保険者からの保険料と、国、都道府県、市区町村からの公費によって賄われる。財源構成は、保険料50％、公費50％で成り立っており、公費は、国25%、都道府県・市区町村がそれぞれ12.5％を負担している。(施設等給付については、国20%、都道府県17.5%となっている。),第1章 4 (2)
145,products,21,2,公的介護保険の第1号被保険者の保険料は、年齢階級別の定額保険料で、老齢年金等の受給額が年額18万円以上ある者は公的年金から天引きされ､それ以外は各市区町村が徴収している。,0,公的介護保険の第1号被保険者の保険料は、所得階級別の定額保険料で、老齢年金等の受給額が年額18万円以上ある者は公的年金から天引きされ､それ以外は各市区町村が徴収している。,第1章 4 (2)
146,products,22,2,サービス事業者が提供する、施設サービス、居宅サービス、地域密着サービス、介護予防サービス、地域密着型介護予防サービスなどを利用した場合、原則として費用の2割(一定以上の所得者は3割)が自己負担となる。また、施設サービスを利用した場合の食費および居住費は自己負担となっている。,0,サービス事業者が提供する、施設サービス、居宅サービス、地域密着サービス、介護予防サービス、地域密着型介護予防サービスなどを利用した場合、原則として費用の1割(一定以上の所得者は2~3割)が自己負担となる。また、施設サービスを利用した場合の食費および居住費は自己負担となっている。,第1章 4 (3)
147,products,23,2,介護保険のサービスは、訪問介護・訪問看護・通所介護・短期入所サービスなどの居宅サービスと、特別養護老人ホーム・介護老人保健施設などの施設サービス、認知症対応型共同生活介護などの地域密着サービスに大別することができる。,1,介護保険のサービスは、訪問介護・訪問看護・通所介護・短期入所サービスなどの居宅サービスと、特別養護老人ホーム・介護老人保健施設などの施設サービス、認知症対応型共同生活介護などの地域密着サービスに大別することができる。,第1章 4 (3)
148,products,24,2,被保険者が介護サービス(保険給付)を受ける際には、各市区町村に申請し、厚生労働省が定める要介護認定の基準をもとに各市区町村に設置される介護認定審査会の判定による認定(要支援1~2、要介護1~5)を受ける必要がある。,1,被保険者が介護サービス(保険給付)を受ける際には、各市区町村に申請し、厚生労働省が定める要介護認定の基準をもとに各市区町村に設置される介護認定審査会の判定による認定(要支援1~2、要介護1~5)を受ける必要がある。,第1章 4 (3)
149,products,25,2,介護認定審査会は、学識経験者で構成され、高齢者の心身の状況調査と主治医意見書に基づく審査判定(一次判定)と主治医の意見書等に基づくコンピューター判定(二次判定)を行う。,0,介護認定審査会は、学識経験者で構成され、高齢者の心身の状況調査と主治医意見書等に基づくコンピュータ判定(一次判定)と主治医意見書に基づく審査判定(二次判定)を行う。,第1章 4 (3)
150,products,26,2,福利厚生費は、企業が任意に実施する制度の費用である法定福利費と、厚生年金保険・健康保険・雇用保険等の社会保険料からなる法定外福利費に分けられる。このうち法定外福利費については、高齢化に伴い、賃金を上回る増加を示している。,0,福利厚生費は、企業が任意に実施する制度の費用である法定外福利費と、厚生年金保険・健康保険・雇用保険等の社会保険料からなる法定福利費に分けられる。このうち法定福利費については、高齢化に伴い、賃金を上回る増加を示している。,第1章 5
151,products,27,2,保険の第三分野とは、損害保険(第一分野)、生命保険(第二分野)のいずれにも属さないとされる疾病・傷害分野の保険であり、医療保険・介護保険・傷害保険などがこれに該当する。,0,保険の第三分野とは、生命保険(第一分野)、損害保険(第二分野)のいずれにも属さないとされる疾病・傷害分野の保険であり、医療保険・介護保険・傷害保険などがこれに該当する。,第1章 6 (1)
152,products,28,2,2000年(平成12年)、金融庁が、保険業法に規定される「業務の代理・事務の代行」について、「業務の代理」に「保険募集の代理」が含まれることを明確化したことから、保険会社が他保険会社と業務の代理・事務の代行に関する契約を結んで、他保険会社商品を販売することが可能となった。,1,2000年(平成12年)、金融庁が、保険業法に規定される「業務の代理・事務の代行」について、「業務の代理」に「保険募集の代理」が含まれることを明確化したことから、保険会社が他保険会社と業務の代理・事務の代行に関する契約を結んで、他保険会社商品を販売することが可能となった。,第1章 6 (2)
153,products,29,3,2015年(平成27年)10月に「マイナンバー法」が施行され、未成年者を除くすべての人へ個人番号(マイナンバー)の割り当てが開始されている。,0,2015年(平成27年)10月に「マイナンバー法」が施行され、住民票を有するすべての人へ個人番号(マイナンバー)の割り当てが開始されている。,第1章 6 (4)
154,products,30,3,「マイナンバー法」では、マイナンバーおよびそれを内容に含む個人情報は、「重大個人情報」と定義され、通常の個人情報に比べ、取り扱いが厳しく制限されており、法令に違反した際の罰則も重くなっている。,0,「マイナンバー法」では、マイナンバーおよびそれを内容に含む個人情報は、「特定個人情報」と定義され、通常の個人情報に比べ、取り扱いが厳しく制限されており、法令に違反した際の罰則も重くなっている。,第1章 6 (4)
155,products,31,3,「マイナンバー法」の施行により、2016年(平成28年)から、順次、社会保障、税、災害対策の行政手続でマイナンバーが必要になり、生命保険会社が行う各種の手続きにおいても、保険金等の支払いの際にマイナンバーを取得したり、支払調書などの法定調書にマイナンバーを記載したりする必要が出てきている。,1,「マイナンバー法」の施行により、2016年(平成28年)から、順次、社会保障、税、災害対策の行政手続でマイナンバーが必要になり、生命保険会社が行う各種の手続きにおいても、保険金等の支払いの際にマイナンバーを取得したり、支払調書などの法定調書にマイナンバーを記載したりする必要が出てきている。,第1章 6 (4)
156,products,32,2,「金融商品取引法」(2007年(平成19年)9月施行)の規制の一部が「保険業法」に準用され、保険契約の契約条項のうち重要な事項について契約締結の後に書面で交付することが規定された。保険契約の場合の「契約締結後交付書面」には、「注意喚起情報」「保険証券」等が相当する。,0,「金融商品取引法」(2007年(平成19年)9月施行)の規制の一部が「保険業法」に準用され、保険契約の契約条項のうち重要な事項について契約締結の前に書面で交付することが規定された。保険契約の場合の「契約締結前交付書面」には、「注意喚起情報」「契約概要」等が相当する。,第1章 6 (4)
157,products,33,0,「個人情報の保護に関する法律」を、生命保険会社の業務に具体的に対応させると、例えば保険募集の際の情報収集において、生命保険設計書を作成・提案するのであれば、生命保険設計書を作成するという利用目的を達成するために必要な情報のみを取得するようにしなければならない。,1,「個人情報の保護に関する法律」を、生命保険会社の業務に具体的に対応させると、例えば保険募集の際の情報収集において、生命保険設計書を作成・提案するのであれば、生命保険設計書を作成するという利用目的を達成するために必要な情報のみを取得するようにしなければならない。,第1章 6 (4)
158,products,34,2,「消費者契約法」のポイントは、勧誘時に事業者が不適切な勧誘方法により消費者を「誤認」させたり、「困惑」させたりした場合、消費者は損害額の賠償を請求することができるとした点である。,0,「消費者契約法」のポイントは、勧誘時に事業者が不適切な勧誘方法により消費者を「誤認」させたり、「困惑」させたりした場合、消費者はその契約を取り消すことができるとした点である。,第1章 6 (4)
159,products,35,1,「金融サービス提供法」の対象となる金融商品は、預貯金、信託、保険、有価証券など幅広く指定されており、金融商品販売業者がリスク等の説明を怠った場合、消費者はその契約を取り消すことができるとしている。,0,「金融サービス提供法」の対象となる金融商品は、預貯金、信託、保険、有価証券など幅広く指定されており、金融商品販売業者がリスク等の説明を怠った場合、業者に元本欠損額の賠償責任を負わせている。,第1章 6 (4)
160,products,36,2,保険法において、生命保険契約は、「保険契約のうち、保険者が人の生存又は死亡に関し一定の保険給付を行うことを約するもの(傷害疾病定額保険契約に該当するものを除く。)をいう。」と定義されている。また、傷害疾病定額保険契約は、「保険契約のうち、保険者が人の傷害疾病に基づき一定の保険給付を行うことを約するものをいう。」と定義されている。,1,保険法において、生命保険契約は、「保険契約のうち、保険者が人の生存又は死亡に関し一定の保険給付を行うことを約するもの(傷害疾病定額保険契約に該当するものを除く。)をいう。」と定義されている。また、傷害疾病定額保険契約は、「保険契約のうち、保険者が人の傷害疾病に基づき一定の保険給付を行うことを約するものをいう。」と定義されている。,第2章 1 (1)
161,products,37,2,生存保険は、被保険者がある一定期間生存していることを事由として保険金を支払う契約をいい、被保険者が一定期間生存の場合にのみ保険金が支払われ、保険期間中に死亡した場合には一部の個人年金保険等を除いて保険料の払戻もなく、責任準備金があれば死亡した被保険者の遺族に支払う。,0,生存保険は、被保険者がある一定期間生存していることを事由として保険金を支払う契約をいい、被保険者が一定期間生存の場合にのみ保険金が支払われ、保険期間中に死亡した場合には一部の個人年金保険等を除いて保険料の払戻もなく、責任準備金は生存した被保険者の保険金の支払に充当する。,第2章 1 (2)
162,products,38,1,保険料の払込に関する特約には、保険料口座振替特約、保険料の割増などの特別条件特約などがある。,0,保険料の払込に関する特約には、保険料口座振替特約、団体扱特約などがある。,第2章 1 (3)
163,products,39,1,「特別条件特約」は、被保険者のモラルリスクに応じて「保険料の割増」などの特別の条件を付けて引き受けるなどの取扱を定めたものである。,0,「特別条件特約」は、健康状態が一定の危険の範囲を超えているが危険の度合いに応じて「保険料の割増」などの特別の条件を付けて引き受けるなどの取扱を定めたものである。,第2章 1 (3)
164,products,40,1,「個人年金保険料税制適格特約」は、資産形成への自助努力を推進するため、個人年金保険に付加することにより払い込まれた保険料が一般生命保険料や介護医療保険料とは別枠で所得控除の対象となるものである。,1,「個人年金保険料税制適格特約」は、資産形成への自助努力を推進するため、個人年金保険に付加することにより払い込まれた保険料が一般生命保険料や介護医療保険料とは別枠で所得控除の対象となるものである。,第2章 1 (3)
165,products,41,2,保険期間とは、保険事故が発生した場合に保険会社から保険金が支払われる期間のことをいうが、特約の保険期間については、商品設計上、必ず主契約と同じ保険期間が設定される。,0,保険期間とは、保険事故が発生した場合に保険会社から保険金が支払われる期間のことをいうが、特約の保険期間については、商品設計上、主契約と同じ場合と、主契約より短い場合がある。,第2章 1 (4)
166,products,42,2,従来、生命保険会社は、有配当保険しか取り扱いができなかったが、保険業法の改正によって、最初から無配当用の基礎率を設定し保険料を安くする代わりに剰余金の分配を行わない取り扱いが一定の制限のもとで可能となり、現在では、相互会社を除き株式会社で無配当保険の販売が認められている。,0,従来、生命保険会社は、有配当保険しか取り扱いができなかったが、保険業法の改正によって、最初から無配当用の基礎率を設定し保険料を安くする代わりに剰余金の分配を行わない取り扱いが一定の制限のもとで可能となり、現在では、相互会社でも無配当保険の販売が認められている。,第2章 1 (7)
167,products,43,2,1996年(平成8年)には、資産運用成果による費差配当のみの分配を行う5年ごと費差配当付商品が発売された。,0,1996年(平成8年)には、資産運用成果による利差配当のみの分配を行う5年ごと利差配当付商品が発売された。,第2章 1 (7)
168,products,44,3,告知に加えて医師の診査により危険選択を行う契約を診査扱契約というが、この他、危険選択の方法として、勤務先の健康診断書の写しに基づく方法・人間ドックや献血の際の検査成績表に基づく方法による健康管理証明書扱、生命保険協会が定める認定生命保険士の資格を有する者による面接報告による方法などがある。,0,告知に加えて医師の診査により危険選択を行う契約を診査扱契約というが、この他、危険選択の方法として、勤務先の健康診断書の写しに基づく方法・人間ドックや献血の際の検査成績表に基づく方法による健康管理証明書扱、生命保険協会が定める生命保険面接士の資格を有する者による面接報告による方法などがある。,第2章 1 (8)
169,products,45,0,2000年(平成12年)4月より、公的介護保険制度が導入されたことによって、生命保険会社の介護保険へのニーズが高まり、認知症による要介護状態に対する保障を行う保険や寝たきり状態に対する保障を行う保険が開発、発売された。,0,2000年(平成12年)4月より、公的介護保険制度が導入されたことによって、生命保険会社の介護保険へのニーズが高まり、公的介護保険制度の上乗せ保障を準備したい、といったニーズに対応した商品が各社より発売され、中には年金による保障(介護年金）を提供する会社も出てきた。,第2章 2 (3)
170,products,46,0,特定疾病保障保険(特約)は、日本人の三大死因といわれるがん、心筋梗塞、脳卒中になった場合に、死亡保険金を前倒しで給付する日本初の生前給付タイプの保険として発売された。,1,特定疾病保障保険(特約)は、日本人の三大死因といわれるがん、心筋梗塞、脳卒中になった場合に、死亡保険金を前倒しで給付する日本初の生前給付タイプの保険として発売された。,第2章 2 (3)
171,products,47,2,"リビング・ニーズ特約は、病気やケガにより被保険者の余命が1年以内と判断されるとき、保険金の前払いを請求でき、支払われる保険金額は、契約した死亡保険金額の範囲内で1,000万円を上限としているところが多く、上限以上の保険金額で契約している場合、差額分は保障が継続する。",0,"リビング・ニーズ特約は、病気やケガにより被保険者の余命が6カ月以内と判断されるとき、保険金の前払いを請求でき、支払われる保険金額は、契約した死亡保険金額の範囲内で3,000万円を上限としているところが多く、上限以上の保険金額で契約している場合、差額分は保障が継続する。",第2章 2 (3)
172,products,48,1,リビング・ニーズ特約の保険料は不要(無料)となっているが、被保険者が受取人である場合、支払われる保険金は雑所得として課税される。,0,リビング・ニーズ特約の保険料は不要(無料)となっているが、被保険者が受取人である場合、非課税扱いになる。,第2章 2 (3)
173,products,49,1,変額保険は特別勘定資産の運用実績に基づいて保険金額が増減するが、死亡保険金については基本保険金額を保証される。,1,変額保険は特別勘定資産の運用実績に基づいて保険金額が増減するが、死亡保険金については基本保険金額を保証される。,第2章 2 (4)
174,products,50,0,変額保険は、特別勘定資産の運用実績に基づいて保険金額が増減するが、満期保険金額については基本保険金額が保証されている。,0,変額保険は、特別勘定資産の運用実績に基づいて保険金額が増減するが、満期保険金額については基本保険金額が保証されない（運用実績によっては、満期保険金額が基本保険金額を下回ることがある）。,第2章 2 (4)
175,products,51,2,変額保険の変動する部分は、変動保険金(毎日変動)、満期保険金(満期時に確定)のほか積立金(毎日変動)や、解約返戻金(毎日変動)がある。,0,変額保険の変動する部分は、変動保険金(毎月変動)、満期保険金(満期時に確定)のほか積立金(毎日変動)や、解約返戻金(毎日変動)がある。,第2章 2 (4)
176,products,52,2,変額保険の変動しない部分は、契約時に定めた基本保険金額、特約保険金額である。また、主契約および特約の保険料についても変動せず一定である。,1,変額保険の変動しない部分は、契約時に定めた基本保険金額、特約保険金額である。また、主契約および特約の保険料についても変動せず一定である。,第2章 2 (4)
177,products,53,0,養老保険、個人年金保険などの保険種類について、保険料の払込みや保険金等の受取りを外貨建で行う仕組みを取り入れた｢外貨建保険」の商品デメリットとしては、為替レートの変動により、実際に支払われる外貨建の保険金額が、契約時に設定された外貨建の保険金額や、払込保険料総額を下回るなどの損失を生じるおそれがあることである。,0,養老保険、個人年金保険などの保険種類について、保険料の払込みや保険金等の受取りを外貨建で行う仕組みを取り入れた｢外貨建保険」の商品デメリットとしては、為替レートの変動により、実際に支払われる円換算後の保険金額が、契約時に設定された円換算後の保険金額や、払込保険料総額を下回るなどの損失を生じるおそれがあることである。,第2章 2 (5)
178,products,54,0,1946年(昭和21年)に簡易保険事業の政府独占が廃止されたことから、1948年(昭和23年)以降、生命保険各社が積極的に月払保険の販売に取組み、デビット・システム(地域を限定せずに、保険販売・保全活動にあたらせる制度)の採用とも相まって月払保険は急速に普及していった。,0,1946年(昭和21年)に簡易保険事業の政府独占が廃止されたことから、1948年(昭和23年)以降、生命保険各社が積極的に月払保険の販売に取組み、デビット・システム(一定の地域に一名の営業職員を配置し、その地域内での保険販売・保全活動にあたらせる制度)の採用とも相まって月払保険は急速に普及していった。,第2章 3 (1)
179,products,55,1,生命保険会社は、保有契約高の大幅な延びも追い風となり、戦後、繰り返し低料(保険料率引き下げ)を実現してきた。 しかし、1990年(平成2年)4月以降5回にわたる料率改定は、予定利率の引き下げを実施したため、貯蓄系商品について保険料が引き上がり、相対的に商品魅力が低下することとなった。,0,生命保険会社は、平均寿命の大幅な延びも追い風となり、戦後、繰り返し低料(保険料率引き下げ)を実現してきた。 しかし、1990年(平成2年)4月以降5回にわたる料率改定は、予定利率の引き下げを実施したため、貯蓄系商品について保険料が引き上がり、相対的に商品魅力が低下することとなった。,第2章 3 (5)
180,products,56,1,ボーナス払併用制度の仕組みとしては、 6カ月ごとに保険料を一括払していくボーナス払契約と月払契約の組合わせを1つの契約とする方式等があり、職域での販売を中心に活用された。,1,ボーナス払併用制度の仕組みとしては、 6カ月ごとに保険料を一括払していくボーナス払契約と月払契約の組合わせを1つの契約とする方式等があり、職域での販売を中心に活用された。,第2章 3 (5)
181,products,57,1,修正保険料方式(ステップ払込方式)は、収入が年齢とともに上昇することに着目し、期間の経過すなわち収入の増加にあわせて支払保険料が増加する形としたものであり、これにより契約当初の保険料を安くすることが可能となった。,1,修正保険料方式(ステップ払込方式)は、収入が年齢とともに上昇することに着目し、期間の経過すなわち収入の増加にあわせて支払保険料が増加する形としたものであり、これにより契約当初の保険料を安くすることが可能となった。,第2章 3 (5)
182,products,58,0,1990年代には生前給付型商品・特約の開発が活発に行われ、五大成人病を保障する特定疾病保障保険(特約)、要介護状態を保障する介護保険(特約)、病気等による障害状態を保障する障害保障保険(特約)、余命6カ月と診断されたときに保険金を支払うリビング・ニーズ特約等が相次いで開発・発売された。,0,1990年代には生前給付型商品・特約の開発が活発に行われ、三大疾病を保障する特定疾病保障保険(特約)、要介護状態を保障する介護保険(特約)、病気等による障害状態を保障する障害保障保険(特約)、余命6カ月と診断されたときに保険金を支払うリビング・ニーズ特約等が相次いで開発・発売された。,第2章 3 (5)
183,products,59,0,移行制度は、終身保険の保険料払込期間満了後あるいは個人年金保険の年金開始時に、責任準備金や積立配当金等を活用して、死亡保障から年金受取へ、終身年金から確定年金へなど、異なった保障内容に変更できる制度として開発されたもので、契約自体はあくまでも当初の契約が継続する点は転換制度と同じであるが、変更は保険料払込期間満了時以降に限られる点が転換制度とは異なる。,0,移行制度は、終身保険の保険料払込期間満了後あるいは個人年金保険の年金開始時に、責任準備金や積立配当金等を活用して、死亡保障から年金受取へ、終身年金から確定年金へなど、異なった保障内容に変更できる制度として開発されたもので、契約自体はあくまでも当初の契約が継続する点と、変更は保険料払込期間満了時以降に限られる点が転換制度とは異なる。,第2章 3 (5)
184,products,60,2,1996年(平成8年)発売の5年ごと配当型商品においては、従来からの有配当(三利源からの配当)商品と無配当商品に加え、新たに、5年ごとに死差配当のみを分配するとしたことで、保険料を従来の有配当商品よりも低廉にした。,0,1996年(平成8年)発売の5年ごと配当型商品においては、従来からの有配当(三利源からの配当)商品と無配当商品に加え、新たに、5年ごとに利差配当のみを分配するとしたことで、保険料を従来の有配当商品よりも低廉にした。,第2章 4 (1)
185,products,61,2,1999年(平成11年)の料率改定により、各社の戦略的な料率設定の色彩が強まり、契約者単位の通算割引、低解約返戻金型商品、優良体保険、引受基準緩和型保険・無選択型保険等の商品開発が行われている。,1,1999年(平成11年)の料率改定により、各社の戦略的な料率設定の色彩が強まり、契約者単位の通算割引、低解約返戻金型商品、優良体保険、引受基準緩和型保険・無選択型保険等の商品開発が行われている。,第2章 4 (1)
186,products,62,3,2007年(平成19年)には、経験死亡率の改善状況等を踏まえ、完全生命表の改定が行われた。また、第三分野市場の拡大を受けて新たに第三分野完全生命表が策定されたことに伴い、多くの会社が2007年(平成19年)春に料率の改定を行い、さらに、2018年(平成30年)の完全生命表改定時にも、それに伴う保険会社の料率見直しが行われている。,0,2007年(平成19年)には、経験死亡率の改善状況等を踏まえ、標準生命表の改定が行われた。また、第三分野市場の拡大を受けて新たに第三分野標準生命表が策定されたことに伴い、多くの会社が2007年(平成19年)春に料率の改定を行い、さらに、2018年(平成30年)の標準生命表改定時にも、それに伴う保険会社の料率見直しが行われている。,第2章 4 (1)
187,products,63,1,総合福祉団体定期保険は、従業員が保険料を負担し、従業員を被保険者として加入させる全員加入が原則の1年更新の定期保険である。,0,総合福祉団体定期保険は、企業等が保険料を負担し、従業員を被保険者として加入させる全員加入が原則の1年更新の定期保険である。,第3章 1 (1)
188,products,64,1,団体保険のうち、総合福祉団体定期保険における主契約の保障内容は、従業員の死亡や高度障害に伴う、代替雇用者の採用・育成費用等の企業が負担すべき諸費用の財源の確保を目的としている。,0,団体保険のうち、ヒューマン・ヴァリュー特約における主契約の保障内容は、従業員の死亡や高度障害に伴う、代替雇用者の採用・育成費用等の企業が負担すべき諸費用の財源の確保を目的としている。,第3章 1 (1)
189,products,65,2,団体定期保険では、逆選択防止等の観点から、企業や同業者組合等、団体の種類に応じた区分を設け、区分ごとに契約の締結・更新の際の最低被保険者数や最低保険金額に対する最高保険金額の倍数について一定の基準を設定している。,1,団体定期保険では、逆選択防止等の観点から、企業や同業者組合等、団体の種類に応じた区分を設け、区分ごとに契約の締結・更新の際の最低被保険者数や最低保険金額に対する最高保険金額の倍数について一定の基準を設定している。,第3章 1 (2)
190,products,66,2,団体定期保険は、企業等がその所属員に対して加入勧奨を行い、加入を希望する者が被保険者となり、保険料も被保険者が負担する、所属員の福利厚生のために企業等が導入する任意加入型の商品である。,1,団体定期保険は、企業等がその所属員に対して加入勧奨を行い、加入を希望する者が被保険者となり、保険料も被保険者が負担する、所属員の福利厚生のために企業等が導入する任意加入型の商品である。,第3章 1 (2)
191,products,67,2,住宅ローンや企業の住宅・育英資金貸付制度の貸付保全等に利用される団体信用生命保険は、債務者を保険契約者および被保険者、債権者である信用供与機関(銀行等)または信用保証機関を保険金受取人、未返済債務額を保険金額とする保険商品である。,0,住宅ローンや企業の住宅・育英資金貸付制度の貸付保全等に利用される団体信用生命保険は、債務者を被保険者、債権者である信用供与機関(銀行等)または信用保証機関を保険契約者および保険金受取人、未返済債務額を保険金額とする保険商品である。,第3章 1 (3)
192,products,68,0,消費者信用団体生命保険は、債権者である信用供与機関または信用保証機関を保険契約者および保険金受取人、債務者を被保険者、未返済債務額を保険金額、保険期間を借入期間とする商品である。,0,消費者信用団体生命保険は、債権者である信用供与機関または信用保証機関を保険契約者および保険金受取人、債務者を被保険者、未返済債務額を保険金額、保険期間を1年とする商品である。,第3章 1 (4)
193,products,69,0,団体信用生命保険は、一定の利用限度額の範囲で変動する債務(カードローン、クレジットカード債務等)を負う債務者(カード会員等)の団体を対象とした団体生命保険である。,0,消費者信用団体生命保険は、一定の利用限度額の範囲で変動する債務(カードローン、クレジットカード債務等)を負う債務者(カード会員等)の団体を対象とした団体生命保険である。,第3章 1 (4)
194,products,70,3,国民年金基金制度は、自営業者等の国民年金の第2号被保険者が、国民年金に上乗せすることにより、老後の所得保障の充実を図ることを目的とした制度である。会社員等には厚生年金保険や厚生年金基金等、国民年金の上乗せの制度があるのに対し、自営業者等については国民年金のみであったことから、1991年(平成3年)に実施された制度であり、厚生労働大臣の認可を得た国民年金基金が運営する。,0,国民年金基金制度は、自営業者等の国民年金の第1号被保険者が、国民年金に上乗せすることにより、老後の所得保障の充実を図ることを目的とした制度である。会社員等には厚生年金保険や厚生年金基金等、国民年金の上乗せの制度があるのに対し、自営業者等については国民年金のみであったことから、1991年(平成3年)に実施された制度であり、厚生労働大臣の認可を得た国民年金基金が運営する。,第3章 2 (1)
195,products,71,2,確定給付企業年金保険は､確定給付企業年金制度向けの保険商品で、契約者は事業主(規約型の場合)または企業年金基金(基金型の場合)、被保険者は確定給付企業年金の加入者である。,1,確定給付企業年金保険は､確定給付企業年金制度向けの保険商品で、契約者は事業主(規約型の場合)または企業年金基金(基金型の場合)、被保険者は確定給付企業年金の加入者である。,第3章 2 (2)
196,products,72,2,厚生年金基金保険は、厚生年金基金の年金資産の運用を引受けるための保険商品で、基金を契約者、基金の加入員を被保険者および受取人とする保険契約であり、基金の業務の引受も可能である。,0,厚生年金基金保険は、厚生年金基金の年金資産の運用を引受けるための保険商品で、基金を契約者および受取人、基金の加入員を被保険者とする保険契約であり、基金の業務の引受も可能である。,第3章 2 (2)
197,products,73,2,特別勘定のうち、単独運用特別勘定は、年金契約ごとに個別のファンド(口)を設定して単独運用するもので、概して大口の年金資産運用に適している。,1,特別勘定のうち、単独運用特別勘定は、年金契約ごとに個別のファンド(口)を設定して単独運用するもので、概して大口の年金資産運用に適している。,第3章 2 (3)
198,products,74,2,｢勤労者財産形成年金貯蓄契約」とは、40歳未満の勤労者が金融機関等と契約を締結し、5年以上の期間にわたって定期に積立てを行い、60歳以降所定の時期より5年以上の期間にわたって年金の支払いを受けることを目的とした貯蓄である。,0,｢勤労者財産形成年金貯蓄契約」とは、55歳未満の勤労者が金融機関等と契約を締結し、5年以上の期間にわたって定期に積立てを行い、60歳以降所定の時期より5年以上の期間にわたって年金の支払いを受けることを目的とした貯蓄である。,第3章 3 (3)
199,products,75,1,勤労者財産形成年金貯蓄契約(財形年金)と勤労者財産形成住宅貯蓄契約(財形住宅)の利子(生命保険の場合は差益)については、租税特別措置法により一定の非課税限度額が設けられており、財形年金の場合、元利合計550万円(生命保険の場合は払込保険料385万円)まで非課税である。なお、受け取る年金については所得税の公的年金等控除の対象である。,0,勤労者財産形成年金貯蓄契約(財形年金)と勤労者財産形成住宅貯蓄契約(財形住宅)の利子(生命保険の場合は差益)については、租税特別措置法により一定の非課税限度額が設けられており、財形年金の場合、元利合計550万円(生命保険の場合は払込保険料385万円)まで非課税である。なお、受け取る年金についても非課税とされている。,第3章 3 (4)
200,products,76,2,生命保険の財形商品は、災害死亡(高度障害)の場合に払込保険料累計額の3倍(財形給付金・財形基金は2倍)相当額に積立配当金を加えた金額の保障があることが特徴である。一方、契約後短期間で解約や払出を行うと、払込保険料を下回ることがある。,0,生命保険の財形商品は、災害死亡(高度障害)の場合に払込保険料累計額の5倍(財形給付金・財形基金は2倍)相当額に積立配当金を加えた金額の保障があることが特徴である｡一方､契約後短期間で解約や払出を行うと、払込保険料を下回ることがある。,第3章 3 (5)
201,products,77,3,医療保障保険(団体型)は、公的医療保険制度の補完的な役割を担う保険であり、団体の所属員のうち一定の資格を有する者を被保険者とし、団体の代表者を保険契約者とする保険で、給付内容は入院時の公的医療保険制度における自己負担の一部を補填する治療給付金、定額の入院給付金の2つで、死亡時の死亡保険金は給付対象外である。,0,医療保障保険(団体型)は、公的医療保険制度の補完的な役割を担う保険であり、団体の所属員のうち一定の資格を有する者を被保険者とし、団体の代表者を保険契約者とする保険で、給付内容は入院時の公的医療保険制度における自己負担の一部を補填する治療給付金、定額の入院給付金、死亡時の死亡保険金から構成される。,第3章 4 (1)
202,products,78,0,団体就業不能保障保険は、団体の所属員のうち一定の資格を有する者を被保険者とする保険で、被保険者が傷害または疾病を直接の原因として、入院または医師の指示による自宅療養をし、業務に全く従事できない状態(就業不能状態)が所定の期間を超えて継続した場合に就業不能保険金を支払う保険である。,1,団体就業不能保障保険は、団体の所属員のうち一定の資格を有する者を被保険者とする保険で、被保険者が傷害または疾病を直接の原因として、入院または医師の指示による自宅療養をし、業務に全く従事できない状態(就業不能状態)が所定の期間を超えて継続した場合に就業不能保険金を支払う保険である。,第3章 4 (2)
203,products,79,2,一時払退職後終身保険の契約形態は、個々の被保険者が契約者となるという点で個人保険であるが、団体と協定を結び、2年以上団体保険契約(企業年金保険を含む)の被保険者で、かつ、退職日をはさみ前後1年以内の者(退職者であっても、団体保険の被保険者として継続加入中の者は、団体保険から脱退した日から1カ月以内に限り加入が認められる)に限って加入が認められる商品であり、団体保険を補完する特殊な商品といえる。,1,一時払退職後終身保険の契約形態は、個々の被保険者が契約者となるという点で個人保険であるが、団体と協定を結び、2年以上団体保険契約(企業年金保険を含む)の被保険者で、かつ、退職日をはさみ前後1年以内の者(退職者であっても、団体保険の被保険者として継続加入中の者は、団体保険から脱退した日から1カ月以内に限り加入が認められる)に限って加入が認められる商品であり、団体保険を補完する特殊な商品といえる。,第3章 4 (3)
204,products,80,2,心身障害者扶養者生命保険とは、契約者を独立行政法人福祉医療機構とし、心身障害者の扶養者である被保険者が死亡もしくは重度障害になったとき、同機構に保険金を支払い、地方公共団体を通じて心身障害者の生存中、年金として月額2万円(最高2口4万円)が終身にわたって支払われる仕組みのものである。,1,心身障害者扶養者生命保険とは、契約者を独立行政法人福祉医療機構とし、心身障害者の扶養者である被保険者が死亡もしくは重度障害になったとき、同機構に保険金を支払い、地方公共団体を通じて心身障害者の生存中、年金として月額2万円(最高2口4万円)が終身にわたって支払われる仕組みのものである。,第3章 4 (4)
205,products,81,1,生命保険の募集は、保険業法の規定により登録した生命保険募集人、または保険仲立人により行われることになっており、営業職員、募集代理店(法人または個人)および代理店で募集に従事する使用人は生命保険募集人として登録しなければならない。,1,生命保険の募集は、保険業法の規定により登録した生命保険募集人、または保険仲立人により行われることになっており、営業職員、募集代理店(法人または個人)および代理店で募集に従事する使用人は生命保険募集人として登録しなければならない。,第4章 1 リード
206,products,82,1,保険代理店においては、一社専属制の例外が認められておらず、複数の生命保険会社の商品を取り扱うことはできない。,0,保険代理店においては、一社専属制の例外が認められており、複数の生命保険会社の商品を取り扱うことができる。,第4章 1 (2)
207,products,83,0,2002年(平成14年)10月、生保商品の銀行窓販は実質的に解禁されることになり、この規制緩和に併せ、次の弊害防止措置が設けられた。①保険募集に関する取引が銀行業務に影響を及ぼすことの事前説明義務②保険料ローンによる変額年金保険等加入時の残債務リスクの説明義務③住宅ローン返済困窮時の相談窓口を記した書面の交付義務,0,2002年(平成14年)10月、生保商品の銀行窓販は実質的に解禁されることになり、この規制緩和に併せ、次の弊害防止措置が設けられた。①保険募集に関する取引が銀行業務に影響を及ぼさないことの事前説明義務②保険料ローンによる変額年金保険等加入時の残債務リスクの説明義務③住宅ローン返済困窮時の相談窓口を記した書面の交付義務,第4章 1 (3)
208,products,84,1,2013年(平成25年)の金融審議会の報告書によると、保険契約者保護の観点から保険仲立人に係る規制を緩和することが適当であるとされている。それを受け、2014年(平成26年)に保険業法の改正により、保証金の額の引き下げなど一部の規制が緩和された。,1,2013年(平成25年)の金融審議会の報告書によると、保険契約者保護の観点から保険仲立人に係る規制を緩和することが適当であるとされている。それを受け、2014年(平成26年)に保険業法の改正により、保証金の額の引き下げなど一部の規制が緩和された。,第4章 1 (4)
209,products,85,0,保険仲立人は契約者と保険会社との間に立って中立の立場で保険契約の締結の媒介を行う者であり、特定の保険会社に属し、その保険会社のために媒介を行う保険募集人とその点において異なる。保険仲立人は、諸外国においては一般的に認められており、1996年(平成8年)の保険業法改正において、国際的な整合性の確保や販売チャネルの多様化、競争促進による利用者利便の向上を図るとの観点から導入されたものである。,1,保険仲立人は契約者と保険会社との間に立って中立の立場で保険契約の締結の媒介を行う者であり、特定の保険会社に属し、その保険会社のために媒介を行う保険募集人とその点において異なる。保険仲立人は、諸外国においては一般的に認められており、1996年(平成8年)の保険業法改正において、国際的な整合性の確保や販売チャネルの多様化、競争促進による利用者利便の向上を図るとの観点から導入されたものである。,第4章 1 (4)
210,products,86,3,生保商品の通信販売は営業職員・募集代理店による対面販売との比較において、顧客との接点が非常に限られるため、告知義務や契約始期に係わる問題、モラルリスク等が問題となりにくく、取扱保険商品や加入保険金額を制限しているケースは少ない。,0,生保商品の通信販売は営業職員・募集代理店による対面販売との比較において、顧客との接点が非常に限られるため、告知義務や契約始期に係わる問題、モラルリスク等が問題となりやすく、取扱保険商品や加入保険金額を制限しているケースが多い。,第4章 1 (5)
211,products,87,1,生命保険分野においても、インターネットを通じて生保商品を販売する専門会社を設立するケースが現れている。中には、パソコンやスマートフォンで資料請求や申込ができるだけではなく、契約の成立までも完了できる生保会社もある。,1,生命保険分野においても、インターネットを通じて生保商品を販売する専門会社を設立するケースが現れている。中には、パソコンやスマートフォンで資料請求や申込ができるだけではなく、契約の成立までも完了できる生保会社もある。,第4章 1 (6)
212,products,88,1,IT書面一括法の施行により、顧客などの承諾を条件に一部の通知については電子メールなどの電子的な交付が可能となったため、時間とコストの削減につながり、電子商取引に係わる効率性・利便性が向上している。,1,IT書面一括法の施行により、顧客などの承諾を条件に一部の通知については電子メールなどの電子的な交付が可能となったため、時間とコストの削減につながり、電子商取引に係わる効率性・利便性が向上している。,第4章 1 (6)
213,products,89,2,顧客に対するサービス提供については、営業職員の継続訪問によるサービス活動を柱に展開する一方、高度情報化に伴うコンピューターや情報通信機器の発達により、ライフスタイルの変化に対応した顧客との新しい接点を模索し、顧客の系列化や囲い込みを目指しているわけであるが、近年、各企業において、CS(Customer Satisfaction:顧客の満足)が重要視されている。,1,顧客に対するサービス提供については、営業職員の継続訪問によるサービス活動を柱に展開する一方、高度情報化に伴うコンピューターや情報通信機器の発達により、ライフスタイルの変化に対応した顧客との新しい接点を模索し、顧客の系列化や囲い込みを目指しているわけであるが、近年、各企業において、CS(Customer Satisfaction:顧客の満足)が重要視されている。,第4章 2 (3)
214,products,90,0,情報機器の発達と普及が格段に進む状況のもとで、携帯端末やオンラインシステム等の活用により、顧客・市場情報の蓄積とその高度活用が可能となり、生保会社の販売戦略も、市場情報・顧客情報を重視する体系へと変化してきた。,1,情報機器の発達と普及が格段に進む状況のもとで、携帯端末やオンラインシステム等の活用により、顧客・市場情報の蓄積とその高度活用が可能となり、生保会社の販売戦略も、顧客・市場情報を重視する体系へと変化してきた。,第4章 3 (2)
215,products,91,1,生命保険の営業職員に求められる適性能力は、「知能」「数理能力」「言語能力」「書記的能力」と言われている。また、生命保険営業という職務に望まれる性格としては、「自主性」「主体性」「積極性」「粘り強さ」「外向性」「社交性」があげられ、このほかの適格性要素として、「健康」「明確な就労目的」等があげられる。,1,生命保険の営業職員に求められる適性能力は、「知能」「数理能力」「言語能力」「書記的能力」と言われている。また、生命保険営業という職務に望まれる性格としては、「自主性」「主体性」「積極性」「粘り強さ」「外向性」「社交性」があげられ、このほかの適格性要素として、「健康」「明確な就労目的」等があげられる。,第5章 1 (2)
216,products,92,1,保険業法により、生命保険会社の使用人として、または生命保険会社の委託を受けて生命保険の募集に従事しようとする者は、生命保険募集人として、生命保険協会の登録を受けなければならない。,0,保険業法により、生命保険会社の使用人として、または生命保険会社の委託を受けて生命保険の募集に従事しようとする者は、生命保険募集人として、内閣総理大臣(金融庁長官に委任)の登録を受けなければならない。,第5章 1 (4)
217,products,93,2,近年販売数を伸ばしてきた外貨建保険について、苦情件数も増加した状況を踏まえて追加創設された「外貨建保険販売資格試験」は、「外貨建保険の販売に必要な業務知識」や「苦情縮減に資するコンプライアンス・リテラシー」の向上をカリキュラムの目的としている。,1,近年販売数を伸ばしてきた外貨建保険について、苦情件数も増加した状況を踏まえて追加創設された「外貨建保険販売資格試験」は、「外貨建保険の販売に必要な業務知識」や「苦情縮減に資するコンプライアンス・リテラシー」の向上をカリキュラムの目的としている。,第5章 2 (4)
218,products,94,1,専門課程の目的は、保険販売に関連する専門知識と周辺知識を習得し、顧客ニーズへの基本的対応力を高めることにあり、1992年度(平成4年度)に従来の中級専門課程を見直し、従来の上級専門課程の一部を移行する等高度化が図られた。,1,専門課程の目的は、保険販売に関連する専門知識と周辺知識を習得し、顧客ニーズへの基本的対応力を高めることにあり、1992年度(平成4年度)に従来の中級専門課程を見直し、従来の上級専門課程の一部を移行する等高度化が図られた。,第5章 2 (4)
219,products,95,1,応用課程の目的は、知識を活かした応用力・実践力を養成するとともに、ファイナンシヤル・プランニング・サービスの提供に必要とされる高度な専門知識を習得することにあり、合格した者に「トータル・ライフ・コンサルタント(TLC)」の称号が与えられる。,0,応用課程の目的は、知識を活かした応用力・実践力を養成するとともに、ファイナンシャル・プランニングに必要な全般的は基礎知識を習得することにあり、合格した者に「シニア・ライフ・コンサルタント(SLC)」の称号が与えられる。,第5章 2 (4)
220,products,96,2,変額保険販売の資格要件は、大学課程試験に合格していること、所定の研修を履修していること、変額保険の資格試験(大学課程と同期間実施)に合格し生命保険協会に登録されることである。,0,変額保険販売の資格要件は、専門課程試験に合格していること、所定の研修を履修していること、変額保険の資格試験(専門課程と同期間実施)に合格し生命保険協会に登録されることである。,第5章 2 (4)
221,products,97,2,生命保険大学課程の目的は、変額保険販売資格試験の合格者を対象に、ファイナンシャル・プランニング・サービスの提供に必要とされる高度な専門知識を習得することである。所定の全6科目に合格し、生命保険会社からの推薦を受け認定された者に「トータル・ライフ・コンサルタント(TLC) (生命保険協会認定FP)」の称号が与えられる。,0,生命保険大学課程の目的は、応用課程試験の合格者を対象に、ファイナンシャル・プランニング・サービスの提供に必要とされる高度な専門知識を習得することである。所定の全6科目に合格し、生命保険会社からの推薦を受け認定された者に「トータル・ライフ・コンサルタント(TLC) (生命保険協会認定FP)」の称号が与えられる。,第5章 2 (4)
222,products,98,1,営業職員資格の基準となる販売成績は、単なる新契約の保険金額・保険料ではなく、保険商品・払込方法・保険期間にしたがって、所定の換算率により評価されるのが一般的である。これは、保険商品によりソルベンシー・マージン比率や販売難易度が異なるからである。,0,営業職員資格の基準となる販売成績は、単なる新契約の保険金額・保険料ではなく、保険商品・払込方法・保険期間にしたがって、所定の換算率により評価されるのが一般的である。これは、保険商品により予定事業費、とくに予定新契約費や販売難易度が異なるからである。,第5章 4 (2)
223,products,99,1,営業職員の退職金のうち年金は、ほとんどの場合、勤続15～20年以上の退職者を対象に、主に定年、死亡、 傷病退職の場合に支給される。支給額は退職時の本俸、資格等に応じて決定され、支給期間は勤続年数に応じて5年から終身となっている。,1,営業職員の退職金のうち年金は、ほとんどの場合、勤続15～20年以上の退職者を対象に、主に定年、死亡、 傷病退職の場合に支給される。支給額は退職時の本俸、資格等に応じて決定され、支給期間は勤続年数に応じて5年から終身となっている。,第5章 4 (3)
224,products,100,3,営業職員の月例給与に関して、最低賃金法に基づく年齢別最低賃金が生保営業職員に適用されたことを受け、各社とも年齢、資格等に応じた保障額を設定し、当月の給与支給額が保障額に満たない場合は、差額を支給している。,0,営業職員の月例給与に関して、最低賃金法に基づく地域別最低賃金が生保営業職員に適用されたことを受け、各社とも年齢、資格等に応じた保障額を設定し、当月の給与支給額が保障額に満たない場合は、差額を支給している。,第5章 4 (3)
225,products,101,0,支社の配置は、これまでは管理スパン上の問題や地域社会における店舗サービス機能の発揮ならびにPR効果の観点から、組織がある一定規模までに達すれば支社を集約化するのが一般的であったが、近年ではコス卜・効率化のため逆の傾向がみられる。,0,支社の配置は、これまでは管理スパン上の問題や地域社会における店舗サービス機能の発揮ならびにPR効果の観点から、組織がある一定規模までに達すれば支社を分割化するのが一般的であったが、近年ではコス卜・効率化のため逆の傾向がみられる。,第6章 1 (3)
226,products,102,2,営業職員教育の基本は、 集団指導であり、機関長は営業職員個々の性格・能力・習熟度に応じ、能力を引き上げるため、知識・技術等について反復訓練を行う。教育・育成のため、機関に機関長を補佐する、専任スタッフを配置している会社も多い。,0,営業職員教育の基本は、 個別指導であり、機関長は営業職員個々の性格・能力・習熟度に応じ、能力を引き上げるため、知識・技術等について反復訓練を行う。教育・育成のため、機関に機関長を補佐する、専任スタッフを配置している会社も多い。,第6章 2 (1)
227,products,103,1,企業保険の販売に際しては、企業保険商品だけでなく、企業の福利厚生制度や企業年金制度に関する幅広い知識が必要であり、さらに保険取引以外にも、融資や株式保有といった財務取引の窓口となるような場合には、人事や総務だけでなく財務・経理部門との交渉を行うこともある。,1,企業保険の販売に際しては、企業保険商品だけでなく、企業の福利厚生制度や企業年金制度に関する幅広い知識が必要であり、さらに保険取引以外にも、融資や株式保有といった財務取引の窓口となるような場合には、人事や総務だけでなく財務・経理部門との交渉を行うこともある。,第6章 3 (1)
228,products,104,1,法人営業組織は、企業保険の販売を中心とした活動を行うため、個人保険販売の支援のために担当企業やその関連企業の基盤化を推進することは一切行わない。,0,法人営業組織は、企業保険の販売を中心とした活動を行いつつ、個人保険販売の支援のために担当企業やその関連企業の基盤化を推進している法人営業組織もある。,第6章 3 (2)
229,products,105,2,企業保険の販売チャネルとして規模の大きい企業や団体については、専門的かつ広範なスキルが要求されるため、本社直轄の販売組織を設置する会社もある。このような組織は通常、内務職員で構成され、企業グループや業種、官公庁等のマーケットごとに設置されているのが一般的である。,1,企業保険の販売チャネルとして規模の大きい企業や団体については、専門的かつ広範なスキルが要求されるため、本社直轄の販売組織を設置する会社もある。このような組織は通常、内務職員で構成され、企業グループや業種、官公庁等のマーケットごとに設置されているのが一般的である。,第6章 3 (2)
230,products,106,3,生命保険会社と代理店委託契約を結んだ募集代理店には、個人募集代理店と法人募集代理店があり、また大きくは専業型と乗合型とに分かれるが、その属性や活動手法等は様々となっている。,0,生命保険会社と代理店委託契約を結んだ募集代理店には、個人募集代理店と法人募集代理店があり、また大きくは専業型と兼業型とに分かれるが、その属性や活動手法等は様々となっている。,第6章 4 (1)
231,products,107,2,生命保険会社と委託契約を結び、その生命保険商品を紹介する紹介代理店は、1996年(平成8年)の生損保相互参入や2001年(平成13年)の銀行による保険販売の解禁およびその後の段階的な取扱商品の拡大等を経て、生命保険募集チャネルとしての位置づけが高まってきている。,0,生命保険会社と委託契約を結び、その生命保険商品を代理販売する募集代理店は、1996年(平成8年)の生損保相互参入や2001年(平成13年)の銀行による保険販売の解禁およびその後の段階的な取扱商品の拡大等を経て、生命保険募集チャネルとしての位置づけが高まってきている。,第6章 4 (1)
232,products,108,1,銀行窓販による生命保険販売の増加に伴い、銀行等金融機関代理店の販売サポートに特化した代理店営業組織を設置する会社も増えてきている。銀行等金融機関を専門的にサポートする担当者は一般的に「ホールセラー」と呼称され、自社商品の研修・販売支援に加え、マーケティング支援やセミナー開催等幅広い業務を行うこともある。,1,銀行窓販による生命保険販売の増加に伴い、銀行等金融機関代理店の販売サポートに特化した代理店営業組織を設置する会社も増えてきている。銀行等金融機関を専門的にサポートする担当者は一般的に「ホールセラー」と呼称され、自社商品の研修・販売支援に加え、マーケティング支援やセミナー開催等幅広い業務を行うこともある。,第6章 4 (2)
